filename,width,height,class,xmin,ymin,xmax,ymax
291_jpg.rf.00309f041eca988351297ac19df4b13e.jpg,175,176,racoon,37,39,164,167
411_jpg.rf.00c9265966550ddbc693a5cc89a22584.jpg,249,176,horse,86,24,249,148
745_jpg.rf.0086bb8b2d4835454dc7fc0bc9402090.jpg,218,154,chicken,120,57,215,144
745_jpg.rf.0086bb8b2d4835454dc7fc0bc9402090.jpg,218,154,chicken,105,25,134,56
745_jpg.rf.0086bb8b2d4835454dc7fc0bc9402090.jpg,218,154,chicken,0,47,76,142
47_jpg.rf.0124d61ebcadbc22e58576323ddfca0c.jpg,282,170,fox,0,1,276,165
948_jpg.rf.021178d481bc86ef30a16f70efec51e0.jpg,135,160,person,58,0,135,160
948_jpg.rf.021178d481bc86ef30a16f70efec51e0.jpg,135,160,person,12,3,78,160
749_jpg.rf.025b924422a2390dedf8ae3de1497d60.jpg,319,125,chicken,128,18,188,109
847_jpg.rf.02f24fcd7a04e6f69ff00a88577f9675.jpg,175,157,goat,42,21,162,135
847_jpg.rf.02f24fcd7a04e6f69ff00a88577f9675.jpg,175,157,goat,38,31,165,142
847_jpg.rf.02f24fcd7a04e6f69ff00a88577f9675.jpg,175,157,goat,11,29,137,155
696_jpg.rf.03017fd2579f585cce58c01b9e27c5cf.jpg,202,158,dog,18,2,195,158
814_jpg.rf.0311b89e60cdc311e632314e9ab1d788.jpg,176,130,goat,0,38,38,107
814_jpg.rf.0311b89e60cdc311e632314e9ab1d788.jpg,176,130,goat,26,33,126,128
102_jpg.rf.0387b37b73d94171ea62858a3daab7dc.jpg,270,174,skunk,25,42,243,165
102_jpg.rf.0387b37b73d94171ea62858a3daab7dc.jpg,270,174,skunk,18,5,109,100
331_jpg.rf.03aaade525ef28177874a7f9d80bbe5a.jpg,143,175,cow,0,32,141,174
754_jpg.rf.03e7207e23caf8c914fb83e611e53449.jpg,217,148,chicken,96,46,160,101
754_jpg.rf.03e7207e23caf8c914fb83e611e53449.jpg,217,148,chicken,48,55,79,103
754_jpg.rf.03e7207e23caf8c914fb83e611e53449.jpg,217,148,chicken,13,60,46,105
754_jpg.rf.03e7207e23caf8c914fb83e611e53449.jpg,217,148,chicken,173,68,213,111
772_jpg.rf.054572c14f6902b1b269ce723d78ba26.jpg,250,150,chicken,35,0,152,150
133_jpg.rf.054eebd2ea43b7b700aa1ea1c8661246.jpg,145,176,skunk,18,0,132,176
884_jpg.rf.05aa5fb0f69310367bff33beea9a9bd4.jpg,181,158,goat,57,88,131,158
884_jpg.rf.05aa5fb0f69310367bff33beea9a9bd4.jpg,181,158,goat,8,5,179,158
778_jpg.rf.0601620f43184baac9b7a5f9fc815092.jpg,186,158,chicken,30,36,118,141
778_jpg.rf.0601620f43184baac9b7a5f9fc815092.jpg,186,158,chicken,118,39,186,148
369_jpg.rf.06b6a1cf36a2e313ceb7a0e9003c1b5a.jpg,290,165,cow,55,53,290,165
369_jpg.rf.06b6a1cf36a2e313ceb7a0e9003c1b5a.jpg,290,165,cow,140,0,290,125
578_jpg.rf.06ec9b15a6c37543b3b75e18c8d26108.jpg,189,141,cat,29,44,81,131
863_jpg.rf.071820f5676c467c5dfd8e2a6f6998e6.jpg,225,154,goat,126,12,224,143
863_jpg.rf.071820f5676c467c5dfd8e2a6f6998e6.jpg,225,154,goat,1,20,160,148
683_jpg.rf.079de2e65977fc169ca142f065b39911.jpg,208,154,dog,0,31,120,139
683_jpg.rf.079de2e65977fc169ca142f065b39911.jpg,208,154,dog,111,41,208,150
625_jpg.rf.0872d6aa966502c55680b770d6a4b351.jpg,230,158,dog,95,35,200,139
443_jpg.rf.08a57d2118e3308d7186334cc56bd992.jpg,231,177,horse,1,0,218,177
333_jpg.rf.0a5f9b8265bf339b467b3aae367b44f6.jpg,160,162,cow,9,12,152,161
68_jpg.rf.0b115c14427f474b8073ab90afacbdac.jpg,213,170,fox,10,10,213,170
91_jpg.rf.0ba0726f1852105f55f0c768893fb020.jpg,183,181,fox,62,3,183,181
382_jpg.rf.0c0d4f16ac5e7b2646369241f9da3508.jpg,219,172,cow,84,54,149,150
382_jpg.rf.0c0d4f16ac5e7b2646369241f9da3508.jpg,219,172,cow,135,66,200,163
382_jpg.rf.0c0d4f16ac5e7b2646369241f9da3508.jpg,219,172,cow,14,49,83,143
382_jpg.rf.0c0d4f16ac5e7b2646369241f9da3508.jpg,219,172,cow,63,54,108,143
558_jpg.rf.0c7a1432541b8f079fe2e96253594e65.jpg,266,175,cat,68,1,238,172
601_jpg.rf.0cb242526c51f5fb4b1abbdc947ed734.jpg,204,161,dog,36,18,166,155
738_jpg.rf.0cd6f33bdcb230bea9bd1ae72c1271d4.jpg,171,153,chicken,0,1,143,153
583_jpg.rf.0ce3824144b04a3fe71788df3598c151.jpg,232,158,cat,68,23,220,150
714_jpg.rf.0d674c8e28a8c6b4c77a199f29210524.jpg,315,111,chicken,42,0,257,111
134_jpg.rf.0ce43e3df075f4e149c3ac8326eb8c01.jpg,191,178,skunk,1,1,183,163
103_jpg.rf.0e8e30f22d765b17cdac459d8f5342b4.jpg,148,177,skunk,18,11,128,167
62_jpg.rf.0eb95091853c5980e8dda5a3bd27fd14.jpg,254,179,fox,56,13,236,166
265_jpg.rf.0ff5e912fc19090ee9a8e85d4a6cb0c0.jpg,242,180,racoon,14,29,192,180
607_jpg.rf.10e78721303b1267514a1864282a4f03.jpg,129,155,dog,17,3,102,146
399_jpg.rf.11f4bb0852c49f1f0ce34702d0f3ec2b.jpg,144,161,cow,13,31,131,161
701_jpg.rf.12009c6c03b5f0835a781999a19e3b10.jpg,260,150,chicken,113,0,260,150
387_jpg.rf.123343f63f4be8828f51aeebecd41d1e.jpg,184,164,cow,17,3,118,164
935_jpg.rf.1245eac288dc8b939894d85c8dd81897.jpg,205,157,person,120,5,194,151
935_jpg.rf.1245eac288dc8b939894d85c8dd81897.jpg,205,157,person,27,32,95,154
563_jpg.rf.128da04c23f6dd1a4f6ab66beac36b86.jpg,153,171,cat,27,80,96,151
520_jpg.rf.13b77d689cf0f8822ad82035637605e8.jpg,338,141,cat,62,0,259,125
241_jpg.rf.140c2d147618f98080d9dca97678273a.jpg,253,180,racoon,38,59,184,117
544_jpg.rf.14fcfbf35c4881eeb693401593825a6a.jpg,231,176,cat,37,14,217,161
718_jpg.rf.150277884ccfbabd065d8ab78dbb3916.jpg,226,142,chicken,63,92,112,142
718_jpg.rf.150277884ccfbabd065d8ab78dbb3916.jpg,226,142,chicken,113,101,157,141
718_jpg.rf.150277884ccfbabd065d8ab78dbb3916.jpg,226,142,chicken,40,4,195,142
50_jpg.rf.15298789ba13a1076cf8680f854e8a53.jpg,319,153,fox,100,9,172,127
50_jpg.rf.15298789ba13a1076cf8680f854e8a53.jpg,319,153,fox,23,25,112,126
50_jpg.rf.15298789ba13a1076cf8680f854e8a53.jpg,319,153,fox,124,48,310,147
946_jpg.rf.1538ea2ae949848f075e3717260648ad.jpg,212,156,person,23,37,74,127
946_jpg.rf.1538ea2ae949848f075e3717260648ad.jpg,212,156,person,76,52,149,141
719_jpg.rf.15567a4fa6dc25f19e3cad8311eeb560.jpg,198,155,chicken,30,3,185,155
125_jpg.rf.156aed5c788d9ff4fc900f6449c15ccc.jpg,275,181,skunk,22,1,216,163
175_jpg.rf.158a93699b02bf13f9d7b0f4caa877e7.jpg,243,145,skunk,16,47,197,140
448_jpg.rf.16e26aca1b8ae0de3516635f4e1a14fe.jpg,222,168,horse,40,5,98,152
448_jpg.rf.16e26aca1b8ae0de3516635f4e1a14fe.jpg,222,168,horse,111,35,206,158
866_jpg.rf.16e615c61e68735a7d1466570794b80c.jpg,216,159,goat,39,50,146,106
866_jpg.rf.16e615c61e68735a7d1466570794b80c.jpg,216,159,goat,133,38,216,157
866_jpg.rf.16e615c61e68735a7d1466570794b80c.jpg,216,159,goat,66,40,189,157
797_jpg.rf.16fb7d719a6ff5d101434bc0fa9c66dd.jpg,147,156,chicken,19,2,141,152
561_jpg.rf.1750fc11ff3411da2b57fd99bd1b9825.jpg,210,173,cat,29,16,210,131
281_jpg.rf.1756a3c0866a39869465e80410680189.jpg,120,157,racoon,19,4,97,157
750_jpg.rf.18973671b1aed9acb0d1a72b05a806ae.jpg,319,113,chicken,53,0,166,113
750_jpg.rf.18973671b1aed9acb0d1a72b05a806ae.jpg,319,113,chicken,231,4,312,113
750_jpg.rf.18973671b1aed9acb0d1a72b05a806ae.jpg,319,113,chicken,149,16,228,113
750_jpg.rf.18973671b1aed9acb0d1a72b05a806ae.jpg,319,113,chicken,218,24,319,108
750_jpg.rf.18973671b1aed9acb0d1a72b05a806ae.jpg,319,113,chicken,1,27,112,113
445_jpg.rf.18e7ac09f7312b495e8637bfb62aa76c.jpg,296,159,horse,14,10,224,146
780_jpg.rf.19cfa54577c0a5dd15403c8e7452cacf.jpg,166,157,chicken,17,14,149,130
919_jpg.rf.1a3a2d60c2e4b362b48ffccc56a2a48b.jpg,122,159,person,49,71,79,159
795_jpg.rf.1aa4e9660aebf9ff31ae6b2aacb24ccc.jpg,179,138,chicken,15,10,179,138
489_jpg.rf.1aac2f7460d7f10e8536e86f4055dea2.jpg,135,169,horse,32,48,122,169
126_jpg.rf.1aec0c33af7aab5522eef171369f87b1.jpg,250,180,skunk,4,39,211,145
690_jpg.rf.1b6aefdfe06e51676f0116c79df3bab8.jpg,257,126,dog,79,1,178,126
94_jpg.rf.1c1825a18c40f5f2e2421c8d7397c4dc.jpg,326,163,fox,6,2,262,152
523_jpg.rf.1c7b1aae97324ceb9f2c2bad0077375e.jpg,234,171,cat,62,12,233,170
573_jpg.rf.1c80841d0e432e238cbb2af510d75c13.jpg,234,154,cat,59,2,183,153
883_jpg.rf.1c832936f76a8657d2a33f4df9a61880.jpg,144,154,goat,14,35,138,139
732_jpg.rf.1c943672aa311f079dacf2b6d4337e9e.jpg,197,156,chicken,2,1,154,155
920_jpg.rf.1d0b0ad447bf8d37a964800fa6d5661b.jpg,142,159,person,115,40,125,78
920_jpg.rf.1d0b0ad447bf8d37a964800fa6d5661b.jpg,142,159,person,120,45,135,83
920_jpg.rf.1d0b0ad447bf8d37a964800fa6d5661b.jpg,142,159,person,105,44,118,87
920_jpg.rf.1d0b0ad447bf8d37a964800fa6d5661b.jpg,142,159,person,31,38,68,149
920_jpg.rf.1d0b0ad447bf8d37a964800fa6d5661b.jpg,142,159,person,63,37,104,151
108_jpg.rf.1d80b6f5f62039cbe57e0f9f51de082c.jpg,280,175,skunk,98,20,276,136
108_jpg.rf.1d80b6f5f62039cbe57e0f9f51de082c.jpg,280,175,skunk,7,50,86,124
501_jpg.rf.1e99b10cf5b75b1914147f72c7eb2351.jpg,259,179,cat,1,1,246,179
427_jpg.rf.1e03a477f99b1860e2042cd36f83ed0e.jpg,214,172,horse,23,6,206,151
320_jpg.rf.1ea6d3e3b4d59a5136817ae522e92cc1.jpg,157,176,chicken,46,66,57,88
320_jpg.rf.1ea6d3e3b4d59a5136817ae522e92cc1.jpg,157,176,chicken,0,70,23,89
320_jpg.rf.1ea6d3e3b4d59a5136817ae522e92cc1.jpg,157,176,chicken,0,73,42,102
320_jpg.rf.1ea6d3e3b4d59a5136817ae522e92cc1.jpg,157,176,cow,49,24,157,155
112_jpg.rf.1f7523a2f5d49c07acc80daa6cc12d47.jpg,242,181,skunk,19,0,238,163
637_jpg.rf.1f75ee900a63c3206c26d38aab2dfefe.jpg,272,146,dog,39,1,193,146
668_jpg.rf.1feac155827658fed7463a8879984fae.jpg,152,161,dog,0,1,151,159
39_jpg.rf.1fdcfdd9e5d15ccfec522f34d35cd289.jpg,243,178,fox,56,0,186,178
486_jpg.rf.1ff6dfc92020507a9cfb7f50692ecf8b.jpg,250,163,horse,83,70,250,162
476_jpg.rf.200e246f3946d79d3b22d8e7906f553d.jpg,255,175,horse,31,25,196,153
105_jpg.rf.201d7b3e3e06c720e974070b93d18c26.jpg,258,177,skunk,0,0,228,176
477_jpg.rf.204478216afcbc8b58c09c0549451fe2.jpg,334,144,horse,149,73,257,141
477_jpg.rf.204478216afcbc8b58c09c0549451fe2.jpg,334,144,horse,36,85,124,130
477_jpg.rf.204478216afcbc8b58c09c0549451fe2.jpg,334,144,horse,242,80,327,140
477_jpg.rf.204478216afcbc8b58c09c0549451fe2.jpg,334,144,horse,111,92,178,137
395_jpg.rf.20871f74ada51ea217bd0092464e194e.jpg,270,163,cow,62,0,270,153
395_jpg.rf.20871f74ada51ea217bd0092464e194e.jpg,270,163,cow,9,9,115,162
541_jpg.rf.20b861518665798690cac9b1c9851569.jpg,258,160,cat,4,85,107,153
541_jpg.rf.20b861518665798690cac9b1c9851569.jpg,258,160,person,123,2,249,151
483_jpg.rf.212d1e049a45ed2547a9103a14d31a88.jpg,237,171,horse,8,38,101,143
483_jpg.rf.212d1e049a45ed2547a9103a14d31a88.jpg,237,171,horse,109,49,237,136
808_jpg.rf.212f0c5390fe57364621293be79606ae.jpg,231,160,goat,0,30,198,159
889_jpg.rf.215613d8030c3e947ab0a99d48261636.jpg,220,134,goat,88,6,210,133
375_jpg.rf.217d5794d97643332ed2bde1a6404d80.jpg,251,145,cow,32,27,111,145
375_jpg.rf.217d5794d97643332ed2bde1a6404d80.jpg,251,145,cow,106,32,174,145
375_jpg.rf.217d5794d97643332ed2bde1a6404d80.jpg,251,145,cow,160,41,226,145
596_jpg.rf.225fbe87fff8208e07dbfea39245f8db.jpg,225,157,cat,1,1,220,157
543_jpg.rf.2254d448512bc65d9ccfda70cc84f474.jpg,216,176,cat,60,31,216,124
693_jpg.rf.2260b7673cc13950c8f13857511047a9.jpg,202,159,dog,65,54,152,157
349_jpg.rf.22a2148966324a16b41702344debeaa3.jpg,136,169,cow,6,6,136,169
398_jpg.rf.227bfba51e2a88cec4b58f6d1eb0d6a7.jpg,222,175,cow,22,21,174,167
436_jpg.rf.22ccc37786296158a1ecabfbf7f770c3.jpg,248,173,horse,47,35,247,151
59_jpg.rf.232cef8ea425021997235df568f5fcb1.jpg,249,174,fox,69,5,199,171
789_jpg.rf.237d8cb1a7b3272bc2c9cd634fa613ef.jpg,154,159,chicken,0,35,154,156
421_jpg.rf.239c89db831cb85f9d17c2f1d3f0bd64.jpg,258,157,horse,129,36,255,122
421_jpg.rf.239c89db831cb85f9d17c2f1d3f0bd64.jpg,258,157,horse,3,28,128,138
132_jpg.rf.23d4dfe28df50c316fc4a7a38db58b81.jpg,210,176,skunk,17,0,210,129
653_jpg.rf.23e83d5f6419eafbfb1726211e1a75b0.jpg,114,161,dog,2,3,94,143
189_jpg.rf.2476814204ee50039d2f62189443ef18.jpg,208,176,skunk,8,9,200,171
779_jpg.rf.24bf789517dab218421ed5a13861ae78.jpg,178,140,chicken,18,3,113,140
129_jpg.rf.24db9139e7b985ff955424537ee70e26.jpg,273,175,skunk,27,4,156,151
687_jpg.rf.24e134051a3ce23d1181b857f45b7575.jpg,241,153,dog,9,0,241,153
809_jpg.rf.256a4c9bff69314a7af3a4ef40a87e6e.jpg,158,115,goat,80,4,133,106
809_jpg.rf.256a4c9bff69314a7af3a4ef40a87e6e.jpg,158,115,goat,16,17,77,106
214_jpg.rf.25986d94527969dd6f81e1fc59ce1494.jpg,310,157,racoon,43,1,275,157
441_jpg.rf.2590ea71f14902289b66f8d374171ec9.jpg,155,175,horse,31,4,146,172
571_jpg.rf.259f0d598a14c7f672a7d559617872c3.jpg,226,158,cat,25,2,155,158
747_jpg.rf.25dd50ea57bb0886443c1595bdd8ca1d.jpg,262,143,chicken,14,6,153,143
969_jpg.rf.25e4a7eea2807ec47a57f67388b97ed3.jpg,176,155,dog,36,30,115,142
969_jpg.rf.25e4a7eea2807ec47a57f67388b97ed3.jpg,176,155,person,0,38,176,155
117_jpg.rf.25f2f8517adfe7a0d7620ab5ecbadb15.jpg,240,164,skunk,63,0,240,145
465_jpg.rf.26171fc4130780e41d7fffb8e98574f6.jpg,254,169,horse,96,14,249,152
188_jpg.rf.2653104d0103be24942dcf8061b02a33.jpg,272,180,skunk,100,42,191,179
506_jpg.rf.267c2d17884448f16b13342eef864a03.jpg,266,177,cat,92,9,250,144
723_jpg.rf.26cc34d2fd2964a0ea025c0457ca7ce4.jpg,247,141,chicken,43,2,165,141
665_jpg.rf.26f287d2b079b2e4662e29d8288b3fad.jpg,261,149,dog,38,0,261,148
169_jpg.rf.281567aa96fb83c28128b82035e45ced.jpg,269,166,skunk,3,17,141,116
313_jpg.rf.2833cb8be7cfd8c7fc1c6ff25b1d54b8.jpg,266,175,cow,0,28,116,175
313_jpg.rf.2833cb8be7cfd8c7fc1c6ff25b1d54b8.jpg,266,175,cow,187,30,266,175
313_jpg.rf.2833cb8be7cfd8c7fc1c6ff25b1d54b8.jpg,266,175,cow,43,8,228,175
301_jpg.rf.2824da4ad08be6ee877c657a96f7e323.jpg,202,177,cow,12,32,189,144
802_jpg.rf.28790160006f15d5b6ff06384f79b470.jpg,150,162,goat,2,1,150,162
830_jpg.rf.29224c4b30c53d5766f0b2e847f3439e.jpg,227,159,goat,3,4,224,158
610_jpg.rf.2882d2ea1fffbc73700bf2b25f9d315b.jpg,235,149,dog,73,17,227,138
223_jpg.rf.296aef9586c9ee2a07c9a4525091560b.jpg,232,177,racoon,25,2,157,160
389_jpg.rf.297a73dfe93e78c77078afea7bbf596c.jpg,281,165,cow,9,14,274,139
595_jpg.rf.29d19ad9741e16291851ffbb7121b394.jpg,177,160,cat,0,0,177,160
744_jpg.rf.2a63f48f9c88a7a1487b0f7b7801ec1a.jpg,175,157,chicken,15,7,122,151
412_jpg.rf.2afccfb35694dc7c61eab510bbe34f3e.jpg,148,172,horse,32,28,137,143
180_jpg.rf.2a9dbfc6066a7e681666978f7530ad3b.jpg,172,175,skunk,0,63,164,158
165_jpg.rf.2b65bebc0f9412d3a4630176daaf0621.jpg,241,177,skunk,69,30,234,153
106_jpg.rf.2c1cf797c27f8e956ed611d12e5e04e7.jpg,239,180,skunk,1,29,206,157
626_jpg.rf.2c35202a8a92c09c420e1219b76095bf.jpg,242,159,dog,59,1,209,156
353_jpg.rf.2c90a98ec7eae661f2433f51acb6be32.jpg,241,176,cow,111,47,218,172
353_jpg.rf.2c90a98ec7eae661f2433f51acb6be32.jpg,241,176,cow,8,62,110,168
736_jpg.rf.2ca1f3c64bd38c02832d408e4c936747.jpg,215,153,chicken,40,20,114,137
736_jpg.rf.2ca1f3c64bd38c02832d408e4c936747.jpg,215,153,chicken,61,36,168,141
910_jpg.rf.2d03bc1e5c3dd37c8d68cf859b82f631.jpg,223,158,person,97,54,131,147
184_jpg.rf.2d11c4dda76915be7f56dfa0817d25e9.jpg,306,160,skunk,118,1,284,160
83_jpg.rf.2d2e6489cc00c79a55c92baea1f1662b.jpg,246,153,fox,0,38,233,153
721_jpg.rf.2e2a84c9e0e67e3cc68148b33ccb4b3d.jpg,257,144,chicken,170,38,237,114
721_jpg.rf.2e2a84c9e0e67e3cc68148b33ccb4b3d.jpg,257,144,chicken,126,59,174,110
721_jpg.rf.2e2a84c9e0e67e3cc68148b33ccb4b3d.jpg,257,144,chicken,50,61,106,122
721_jpg.rf.2e2a84c9e0e67e3cc68148b33ccb4b3d.jpg,257,144,chicken,3,60,58,131
1_jpg.rf.2e6cce3e7cfc0e62b404ba5af96a9c38.jpg,155,178,fox,55,17,155,174
751_jpg.rf.2ed1cb074cace1f7d0d9bc450969b11d.jpg,191,153,chicken,17,29,76,76
751_jpg.rf.2ed1cb074cace1f7d0d9bc450969b11d.jpg,191,153,chicken,58,37,136,135
325_jpg.rf.2edc4555eda28636a91d3d5ca3e93d7a.jpg,215,180,cow,32,0,215,174
639_jpg.rf.310fa903f390fe4f8409dd9c51ba0e91.jpg,184,160,dog,55,0,182,160
785_jpg.rf.3027b890ec0db2429bdaa8efe79d30b3.jpg,296,127,chicken,137,20,236,127
785_jpg.rf.3027b890ec0db2429bdaa8efe79d30b3.jpg,296,127,chicken,15,32,135,127
785_jpg.rf.3027b890ec0db2429bdaa8efe79d30b3.jpg,296,127,chicken,176,35,287,126
933_jpg.rf.31649b871d5a96887f98a793afaaa185.jpg,197,146,person,86,75,105,130
933_jpg.rf.31649b871d5a96887f98a793afaaa185.jpg,197,146,person,68,76,85,131
933_jpg.rf.31649b871d5a96887f98a793afaaa185.jpg,197,146,person,108,79,122,129
933_jpg.rf.31649b871d5a96887f98a793afaaa185.jpg,197,146,dog,46,103,64,128
86_jpg.rf.316b27ed1c74fe936d0ff79265bbf4a0.jpg,234,177,fox,26,15,215,172
275_jpg.rf.31a3cc1bfaa83b9185d2e4d938200064.jpg,262,177,racoon,137,35,227,177
275_jpg.rf.31a3cc1bfaa83b9185d2e4d938200064.jpg,262,177,racoon,39,10,157,147
991_jpg.rf.32cfe2206feb0c3766ec219573613daf.jpg,266,152,person,125,18,158,105
991_jpg.rf.32cfe2206feb0c3766ec219573613daf.jpg,266,152,person,11,37,35,90
991_jpg.rf.32cfe2206feb0c3766ec219573613daf.jpg,266,152,horse,1,58,52,109
991_jpg.rf.32cfe2206feb0c3766ec219573613daf.jpg,266,152,horse,82,37,215,144
710_jpg.rf.32e886bbe521539e4c3965839cf9b6da.jpg,208,161,chicken,26,10,208,134
282_jpg.rf.31f59fff220e84c09f9cd988e79d46c5.jpg,260,173,racoon,63,2,211,173
245_jpg.rf.33281446c0acba008b87bb7ced7822d2.jpg,286,164,racoon,91,1,208,163
709_jpg.rf.336c45f5e730349d53181f8cdf400868.jpg,207,155,chicken,26,1,176,155
715_jpg.rf.34000abedfc238ab9d878ab04930128a.jpg,262,151,chicken,102,0,244,151
715_jpg.rf.34000abedfc238ab9d878ab04930128a.jpg,262,151,chicken,13,29,92,150
939_jpg.rf.34ebc2bbe01e3bd0abfa5ee7471ede74.jpg,244,143,person,167,18,227,143
939_jpg.rf.34ebc2bbe01e3bd0abfa5ee7471ede74.jpg,244,143,person,41,30,102,143
602_jpg.rf.8f6d2c8b1af8d1cbb02b2c5b99b28018.jpg,219,159,cat,5,37,115,145
602_jpg.rf.8f6d2c8b1af8d1cbb02b2c5b99b28018.jpg,219,159,dog,126,36,219,150
367_jpg.rf.8fae0607d49927b1b9a00095dd3cc92a.jpg,162,175,cow,86,29,161,99
367_jpg.rf.8fae0607d49927b1b9a00095dd3cc92a.jpg,162,175,cow,15,19,148,140
267_jpg.rf.900fb2edf3bbe7ecc03cd1bbbd6c81c4.jpg,230,180,racoon,7,3,202,180
624_jpg.rf.9076be0d0772ea9cee8e31cb692900fc.jpg,211,161,dog,9,4,209,160
99_jpg.rf.9096b9e686240cc36eee3f4ee422257b.jpg,236,151,goat,22,31,191,151
464_jpg.rf.90a5aedd4a7ed96a323df3e4639b82ef.jpg,231,177,horse,69,16,229,176
798_jpg.rf.90be0cb290a36929ef13b07276a49b02.jpg,174,158,chicken,78,57,157,132
720_jpg.rf.90d8dc1a23e2f6e64d5f9eccd25a81c1.jpg,206,156,chicken,21,0,205,155
289_jpg.rf.916e080c006b67fda0513c1ee01c12d9.jpg,334,148,racoon,92,1,239,147
158_jpg.rf.91ad17d40a3fac6262c5de5a3d50ffda.jpg,270,174,skunk,65,5,191,145
213_jpg.rf.91e4979e3a1dcb3369b6e964c6c143bc.jpg,266,178,racoon,22,25,266,159
603_jpg.rf.937eb82a980ed8dd17331214b155fe65.jpg,167,161,dog,16,0,158,154
2_jpg.rf.9417c294d1dd78e0fc009bffcbaa8bbd.jpg,222,181,fox,9,33,222,167
940_jpg.rf.9419dbca26dbd3c1eab6f8e8604f63d0.jpg,245,160,person,27,53,110,156
940_jpg.rf.9419dbca26dbd3c1eab6f8e8604f63d0.jpg,245,160,person,185,41,237,157
769_jpg.rf.948830f6d4142756509eb4ab9063e724.jpg,270,150,chicken,118,79,187,150
769_jpg.rf.948830f6d4142756509eb4ab9063e724.jpg,270,150,person,67,0,176,150
925_jpg.rf.9505df177608890d838cc3a74d5bd69d.jpg,246,155,person,120,74,152,142
925_jpg.rf.9505df177608890d838cc3a74d5bd69d.jpg,246,155,person,77,74,111,143
925_jpg.rf.9505df177608890d838cc3a74d5bd69d.jpg,246,155,person,106,92,126,136
925_jpg.rf.9505df177608890d838cc3a74d5bd69d.jpg,246,155,person,146,101,167,141
963_jpg.rf.951fe4413aca247b1f1116a5a42e259b.jpg,151,159,person,0,15,94,110
963_jpg.rf.951fe4413aca247b1f1116a5a42e259b.jpg,151,159,dog,103,37,151,109
812_jpg.rf.96b14427efd2946b5908378ba9412aef.jpg,203,148,goat,8,3,188,148
955_jpg.rf.95dc8e3dbaab55a156f35571cce3c6c0.jpg,211,162,person,0,0,210,162
955_jpg.rf.95dc8e3dbaab55a156f35571cce3c6c0.jpg,211,162,dog,0,55,102,127
955_jpg.rf.95dc8e3dbaab55a156f35571cce3c6c0.jpg,211,162,cat,95,60,177,135
556_jpg.rf.96f40a3fb79f7d6728fcfb0903f01adc.jpg,250,167,cat,1,1,246,167
697_jpg.rf.9749efc5b074b7ebc17e4765ab41575b.jpg,225,158,dog,27,1,225,158
742_jpg.rf.95803c60269e04104b95dab8824f7e7a.jpg,205,158,chicken,3,19,86,142
742_jpg.rf.95803c60269e04104b95dab8824f7e7a.jpg,205,158,chicken,108,32,205,138
742_jpg.rf.95803c60269e04104b95dab8824f7e7a.jpg,205,158,chicken,40,34,172,157
727_jpg.rf.9576a914a4c832f7d4047b0e96155bad.jpg,258,153,chicken,184,11,258,109
727_jpg.rf.9576a914a4c832f7d4047b0e96155bad.jpg,258,153,chicken,59,3,205,153
101_jpg.rf.972a0fbe052e4248b14ee0ee2ddf7eae.jpg,292,172,skunk,3,22,243,152
363_jpg.rf.976d0dcea2b0d0dc69fc60438c7c9e8f.jpg,163,180,cow,3,1,161,173
292_jpg.rf.991820f7552f7100bc9556095fd8146c.jpg,297,160,racoon,41,5,201,153
589_jpg.rf.992b9818b8ae6886858062e201d33579.jpg,236,155,cat,44,2,236,148
877_jpg.rf.9956ec14b1dda0d217cead38f6d170c9.jpg,139,158,goat,15,10,119,158
415_jpg.rf.9a02cf75484eba6b38c0bf3710c8b053.jpg,255,175,horse,62,0,213,169
641_jpg.rf.9a82436285022edb3d89c33a7d863349.jpg,177,165,dog,39,8,96,164
641_jpg.rf.9a82436285022edb3d89c33a7d863349.jpg,177,165,dog,79,19,131,160
641_jpg.rf.9a82436285022edb3d89c33a7d863349.jpg,177,165,dog,101,21,176,160
641_jpg.rf.9a82436285022edb3d89c33a7d863349.jpg,177,165,dog,5,26,61,155
854_jpg.rf.9b3912c6f6de9e39ef46017bdb4a1788.jpg,228,163,goat,14,1,194,163
924_jpg.rf.9b5558ed46ca8b82ba120f865b861c3f.jpg,253,143,person,78,10,112,132
924_jpg.rf.9b5558ed46ca8b82ba120f865b861c3f.jpg,253,143,person,151,13,213,138
924_jpg.rf.9b5558ed46ca8b82ba120f865b861c3f.jpg,253,143,person,52,23,84,134
924_jpg.rf.9b5558ed46ca8b82ba120f865b861c3f.jpg,253,143,person,115,33,149,130
924_jpg.rf.9b5558ed46ca8b82ba120f865b861c3f.jpg,253,143,person,142,32,173,133
407_jpg.rf.9b544132bea9d9ab50f3e14d12c8f6a2.jpg,138,174,horse,8,32,87,174
413_jpg.rf.9c210c8406c068723699b5e879cee914.jpg,197,168,horse,8,27,123,141
8_jpg.rf.9c717ca3041f33a7a525fdfc35380b88.jpg,249,186,fox,1,41,240,156
564_jpg.rf.9b785571c471538c6e9237a3bc6f8a12.jpg,198,158,cat,97,78,190,135
446_jpg.rf.9c7a40c75b480fb2aed0c303e28238ea.jpg,286,159,horse,15,0,255,159
446_jpg.rf.9c7a40c75b480fb2aed0c303e28238ea.jpg,286,159,horse,79,31,273,159
872_jpg.rf.9ca03677d5f779cd2a8c93eb8220b214.jpg,211,154,goat,106,60,163,140
872_jpg.rf.9ca03677d5f779cd2a8c93eb8220b214.jpg,211,154,goat,62,58,109,134
334_jpg.rf.9cafdad968c1364d260df4306326c3bd.jpg,287,170,cow,195,86,223,118
334_jpg.rf.9cafdad968c1364d260df4306326c3bd.jpg,287,170,cow,202,6,286,108
334_jpg.rf.9cafdad968c1364d260df4306326c3bd.jpg,287,170,cow,95,55,144,119
334_jpg.rf.9cafdad968c1364d260df4306326c3bd.jpg,287,170,cow,164,66,236,115
334_jpg.rf.9cafdad968c1364d260df4306326c3bd.jpg,287,170,cow,7,53,89,132
468_jpg.rf.9d44f3be171b42eb298207fecd01a3f9.jpg,204,173,horse,0,11,175,173
928_jpg.rf.9d8f27e3540474951c699cbbce22cb11.jpg,131,162,person,50,38,98,162
928_jpg.rf.9d8f27e3540474951c699cbbce22cb11.jpg,131,162,person,11,36,60,162
904_jpg.rf.9db426e12b06f4fc614e667d3fd15632.jpg,234,160,person,53,58,87,146
904_jpg.rf.9db426e12b06f4fc614e667d3fd15632.jpg,234,160,person,88,59,114,147
269_jpg.rf.9dc2c3167062eee5eb001340b38de5b4.jpg,297,144,racoon,63,1,289,120
672_jpg.rf.9e6b3fcad52a7a186931be2e91c3a583.jpg,215,121,dog,1,0,215,115
572_jpg.rf.9e7ad5905e58a16bfd22a6978642801c.jpg,228,158,cat,37,63,92,138
572_jpg.rf.9e7ad5905e58a16bfd22a6978642801c.jpg,228,158,cat,112,58,181,105
679_jpg.rf.9ef17791b82523338c8197367ab58269.jpg,127,157,dog,13,20,118,157
848_jpg.rf.9fc663e20ba85a101494303e0c35697b.jpg,163,160,goat,27,79,129,158
228_jpg.rf.a03655e60ad0df8f1c4713a0475e6664.jpg,221,174,racoon,32,33,207,146
248_jpg.rf.a076f5d1a7e954db5b0c3bc19bc3a367.jpg,326,152,racoon,80,5,190,150
775_jpg.rf.a0c73d5b161516c5f421fa5daea9aa2a.jpg,238,157,chicken,110,66,168,140
775_jpg.rf.a0c73d5b161516c5f421fa5daea9aa2a.jpg,238,157,chicken,145,91,180,134
775_jpg.rf.a0c73d5b161516c5f421fa5daea9aa2a.jpg,238,157,chicken,60,102,110,136
775_jpg.rf.a0c73d5b161516c5f421fa5daea9aa2a.jpg,238,157,chicken,11,42,51,101
775_jpg.rf.a0c73d5b161516c5f421fa5daea9aa2a.jpg,238,157,chicken,45,41,78,110
775_jpg.rf.a0c73d5b161516c5f421fa5daea9aa2a.jpg,238,157,chicken,191,65,227,121
775_jpg.rf.a0c73d5b161516c5f421fa5daea9aa2a.jpg,238,157,chicken,141,68,195,121
195_jpg.rf.a1d837723fc0d024b014c6c4c6a2cd61.jpg,271,169,skunk,1,24,236,147
194_jpg.rf.a1e6e0d5988772e2c3704c4b9989b90a.jpg,143,180,skunk,39,58,98,135
478_jpg.rf.a260ec2af037a5e9cb8027367504d9bd.jpg,207,155,horse,11,20,148,140
397_jpg.rf.a2b1f1962cd72fe2291a1e58cd843c98.jpg,256,170,cow,52,1,251,169
748_jpg.rf.a3705d10c85a66d20cf28fd444d10ee4.jpg,253,152,chicken,101,16,179,147
7_jpg.rf.a459fb54dea2dc8c9c8ff1c2275be5b1.jpg,234,185,fox,17,30,231,160
891_jpg.rf.a4fe633a14b8610ea2a3056fee4cf6eb.jpg,152,155,goat,4,11,152,154
31_jpg.rf.a5a91fe1e4bc9b2951458d5c9c9e4a01.jpg,230,180,fox,44,1,223,163
410_jpg.rf.a6d8aff52472321231199ef58441245e.jpg,201,173,horse,44,26,201,166
378_jpg.rf.a68ca80b46d9741ada36c7efdd5c488c.jpg,248,151,person,0,0,182,151
378_jpg.rf.a68ca80b46d9741ada36c7efdd5c488c.jpg,248,151,cow,5,5,246,151
811_jpg.rf.a779597785c8c9dcd5c0ff1c44d5a372.jpg,134,158,goat,15,6,131,153
439_jpg.rf.a77ebdf4d72b71887f0150d54131c672.jpg,238,176,horse,35,11,180,176
473_jpg.rf.a78e6285371978ea6ca962fd1293d54f.jpg,263,178,horse,0,24,153,177
473_jpg.rf.a78e6285371978ea6ca962fd1293d54f.jpg,263,178,horse,142,38,263,178
56_jpg.rf.a7c1c07edef5c0836cc91eac76ed4539.jpg,183,147,fox,0,19,183,143
163_jpg.rf.a857c52366162190fae59cd6f13e566c.jpg,191,177,skunk,45,18,125,155
634_jpg.rf.a8f989dd9ad6ca4809952cc040901956.jpg,204,157,dog,0,0,167,156
44_jpg.rf.a9127c8f8be3588023a54e506c45e833.jpg,228,180,fox,35,1,228,178
995_jpg.rf.a92f6a73f4916bf0293d3970ff1d182f.jpg,214,161,horse,62,53,97,147
995_jpg.rf.a92f6a73f4916bf0293d3970ff1d182f.jpg,214,161,person,116,20,165,102
995_jpg.rf.a92f6a73f4916bf0293d3970ff1d182f.jpg,214,161,person,56,39,103,109
995_jpg.rf.a92f6a73f4916bf0293d3970ff1d182f.jpg,214,161,horse,122,46,160,143
764_jpg.rf.a96b7cd2a007b266afe5de3584973774.jpg,322,109,chicken,2,40,47,86
764_jpg.rf.a96b7cd2a007b266afe5de3584973774.jpg,322,109,chicken,198,22,254,105
764_jpg.rf.a96b7cd2a007b266afe5de3584973774.jpg,322,109,chicken,77,31,152,100
764_jpg.rf.a96b7cd2a007b266afe5de3584973774.jpg,322,109,chicken,157,30,221,102
764_jpg.rf.a96b7cd2a007b266afe5de3584973774.jpg,322,109,chicken,253,59,309,107
677_jpg.rf.a98e62d08d6f260e37ab97c2c2608788.jpg,214,156,dog,12,6,208,146
522_jpg.rf.ab3500b561c9468ac1e78a64f9f7657c.jpg,263,173,cat,86,30,258,173
514_jpg.rf.aa86091297d35673f84c9d660e701128.jpg,251,174,cat,3,25,201,155
170_jpg.rf.ab42356a201cfe60fbe0e572c1453948.jpg,263,154,skunk,67,67,146,111
678_jpg.rf.ab76c060dbab17103698d4b6a7f4a436.jpg,161,157,dog,21,8,134,150
434_jpg.rf.aba0db0b034f5e54cb8299c1d0ac897a.jpg,157,178,horse,5,4,152,172
298_jpg.rf.ac07b88b4ddaa6651f3871d5a9c1db2b.jpg,225,169,racoon,36,15,217,160
458_jpg.rf.ac4414d3f7aadc2e2c2841607d0ce1b9.jpg,285,134,horse,93,18,217,134
458_jpg.rf.ac4414d3f7aadc2e2c2841607d0ce1b9.jpg,285,134,horse,2,21,135,132
458_jpg.rf.ac4414d3f7aadc2e2c2841607d0ce1b9.jpg,285,134,horse,164,39,264,130
5_jpg.rf.ac9c488979dca90753bb6866fd321e25.jpg,297,163,fox,54,2,286,159
190_jpg.rf.adc2930246a9c0739645375a471cdd21.jpg,227,178,skunk,0,0,227,156
835_jpg.rf.ae13997ac1870e9407187b921f526c67.jpg,196,158,goat,0,30,148,143
632_jpg.rf.ae8b9560047def23a4bf50d3163cfdbd.jpg,214,155,dog,1,1,213,155
418_jpg.rf.aeff75112851e9b6593291d7a70f976b.jpg,265,175,horse,0,25,135,175
418_jpg.rf.aeff75112851e9b6593291d7a70f976b.jpg,265,175,horse,108,0,264,173
499_jpg.rf.af5513caabe6ee8821511d62a50a8bcf.jpg,195,177,horse,25,15,176,162
966_jpg.rf.af6921ab7a8ff09c894ffbe7661163d6.jpg,224,160,dog,140,102,215,152
966_jpg.rf.af6921ab7a8ff09c894ffbe7661163d6.jpg,224,160,person,48,35,125,151
287_jpg.rf.b048f427d67c5cfd4120cbf75f3e950c.jpg,276,169,racoon,3,6,103,165
287_jpg.rf.b048f427d67c5cfd4120cbf75f3e950c.jpg,276,169,racoon,64,18,272,168
515_jpg.rf.b0e72952a4585d21e5688ce3766e5e32.jpg,256,167,cat,100,0,256,164
711_jpg.rf.b12900a3bfae40ef029aad2265b348bd.jpg,217,161,chicken,0,6,139,161
466_jpg.rf.b155221982daa348701bd078cb5c757d.jpg,282,163,horse,9,0,280,161
706_jpg.rf.b17d86372825fce2ab82abd6280dd1de.jpg,229,157,chicken,13,12,113,150
706_jpg.rf.b17d86372825fce2ab82abd6280dd1de.jpg,229,157,person,34,23,229,156
340_jpg.rf.b186cd7a6477f5f36b2c4d581f6cb665.jpg,242,164,cow,155,82,241,163
340_jpg.rf.b186cd7a6477f5f36b2c4d581f6cb665.jpg,242,164,cow,22,46,45,67
340_jpg.rf.b186cd7a6477f5f36b2c4d581f6cb665.jpg,242,164,cow,40,66,84,101
340_jpg.rf.b186cd7a6477f5f36b2c4d581f6cb665.jpg,242,164,person,158,27,240,146
340_jpg.rf.b186cd7a6477f5f36b2c4d581f6cb665.jpg,242,164,cow,137,66,184,112
340_jpg.rf.b186cd7a6477f5f36b2c4d581f6cb665.jpg,242,164,cow,7,65,51,125
340_jpg.rf.b186cd7a6477f5f36b2c4d581f6cb665.jpg,242,164,cow,61,72,126,126
22_jpg.rf.b1d52c39ab578b1fdee6f6ac629b0643.jpg,172,179,fox,0,32,171,138
18_jpg.rf.b1ef2be0c20e760d2cdc575f76e7396f.jpg,223,179,fox,0,9,223,161
958_jpg.rf.b22fb2de8af9a075d70ba54c1dca48cf.jpg,200,160,dog,77,67,165,160
958_jpg.rf.b22fb2de8af9a075d70ba54c1dca48cf.jpg,200,160,cat,53,90,120,160
958_jpg.rf.b22fb2de8af9a075d70ba54c1dca48cf.jpg,200,160,person,9,3,189,160
191_jpg.rf.b34dea22a7c81e9573bc3b300a4e7594.jpg,250,179,skunk,94,51,216,113
664_jpg.rf.b44dfeaea65a7b71db61be030600e881.jpg,191,155,dog,36,28,180,155
840_jpg.rf.b4629766a2c283c1f2c35a8b271661ed.jpg,243,158,goat,11,2,188,156
211_jpg.rf.b4c9974c5e22adedd56684e41908c9e1.jpg,239,174,racoon,98,17,239,159
871_jpg.rf.b573fa49d6d4331b68d884ca8eca4fd9.jpg,131,160,goat,6,62,90,160
871_jpg.rf.b573fa49d6d4331b68d884ca8eca4fd9.jpg,131,160,goat,73,68,130,159
970_jpg.rf.b59aa5ab47c21a7c82a9fbd4a3ac3e1f.jpg,129,136,dog,3,18,64,125
970_jpg.rf.b59aa5ab47c21a7c82a9fbd4a3ac3e1f.jpg,129,136,person,47,39,129,136
179_jpg.rf.b685d3fc65b0b2d8fe8a46e57b8aa9d5.jpg,251,156,skunk,46,28,227,149
67_jpg.rf.b69e99c6c39b86fda38d898f27b25e78.jpg,222,180,fox,0,0,212,165
728_jpg.rf.b6cd600fa29d859938e5cbd0d0a26454.jpg,265,146,chicken,0,51,64,127
728_jpg.rf.b6cd600fa29d859938e5cbd0d0a26454.jpg,265,146,chicken,93,65,160,128
728_jpg.rf.b6cd600fa29d859938e5cbd0d0a26454.jpg,265,146,chicken,191,64,253,133
728_jpg.rf.b6cd600fa29d859938e5cbd0d0a26454.jpg,265,146,chicken,169,71,202,128
500_jpg.rf.b6ec6eb3f65d88e9ffc8531751106861.jpg,166,173,horse,78,114,165,173
500_jpg.rf.b6ec6eb3f65d88e9ffc8531751106861.jpg,166,173,horse,0,2,87,171
63_jpg.rf.b6e20b982768747f3d2c47e9ac3e1c8a.jpg,183,176,fox,0,1,182,176
739_jpg.rf.b855a4135fb0c3ce26fcac273c5a8dd7.jpg,199,155,chicken,163,1,199,111
739_jpg.rf.b855a4135fb0c3ce26fcac273c5a8dd7.jpg,199,155,chicken,57,7,181,120
739_jpg.rf.b855a4135fb0c3ce26fcac273c5a8dd7.jpg,199,155,chicken,3,36,131,147
131_jpg.rf.b9305ecf2fee370b2c369abd4a381a2c.jpg,350,145,skunk,132,15,250,145
249_jpg.rf.b982c492a51717d553a168344c9a5151.jpg,254,175,racoon,0,83,102,148
249_jpg.rf.b982c492a51717d553a168344c9a5151.jpg,254,175,racoon,15,10,106,98
249_jpg.rf.b982c492a51717d553a168344c9a5151.jpg,254,175,racoon,112,32,188,152
249_jpg.rf.b982c492a51717d553a168344c9a5151.jpg,254,175,racoon,193,39,254,148
472_jpg.rf.b964462fc57c15eca0280fba88c3b9b1.jpg,201,163,horse,44,62,110,145
472_jpg.rf.b964462fc57c15eca0280fba88c3b9b1.jpg,201,163,horse,95,59,180,160
810_jpg.rf.baea4192bc5fdaff2bce45d5278a75ab.jpg,128,156,goat,24,12,108,114
810_jpg.rf.baea4192bc5fdaff2bce45d5278a75ab.jpg,128,156,goat,37,47,128,129
560_jpg.rf.bb44f9bd537e5ba94585a277e78987d7.jpg,218,172,cat,40,18,141,153
79_jpg.rf.bce726c538b00dd2ce1f28ec21f01261.jpg,188,178,fox,22,30,184,167
470_jpg.rf.bd293b2974fda58b0dbcdb18afada790.jpg,313,150,horse,99,48,208,123
51_jpg.rf.bd36c3d1e67aaf5a96e8818fe55cd073.jpg,238,173,cat,72,0,237,172
833_jpg.rf.bc302a713a2783be1547cf143f6abba3.jpg,181,159,goat,33,3,164,159
791_jpg.rf.be48c2ba023d47690540f9553a13462d.jpg,268,152,chicken,89,2,212,152
200_jpg.rf.beb158beff771b2eed1b60a4820c3a9e.jpg,270,180,skunk,57,12,151,155
41_jpg.rf.beb5526da1da502efe0fd74a6fb62726.jpg,251,181,fox,56,32,226,176
482_jpg.rf.bed3a14af0a2ffd2247e7add6f9c8710.jpg,278,167,horse,2,74,41,167
482_jpg.rf.bed3a14af0a2ffd2247e7add6f9c8710.jpg,278,167,horse,142,0,249,167
482_jpg.rf.bed3a14af0a2ffd2247e7add6f9c8710.jpg,278,167,horse,27,6,195,165
231_jpg.rf.bf2a1f9920646ac744ddc6fe705db2fe.jpg,245,179,racoon,96,21,150,99
893_jpg.rf.bf7470e755f22fc36ef7a15c774ba17f.jpg,226,155,goat,44,10,126,134
893_jpg.rf.bf7470e755f22fc36ef7a15c774ba17f.jpg,226,155,goat,123,23,185,142
92_jpg.rf.bfb93ed3067526da1320c9cfcd3eb295.jpg,287,176,fox,0,1,228,176
491_jpg.rf.bfae8efd13a9554f2f4330db1fe27557.jpg,294,156,horse,0,75,171,155
491_jpg.rf.bfae8efd13a9554f2f4330db1fe27557.jpg,294,156,horse,171,78,294,156
725_jpg.rf.bfcb165b0b51cef6790e9db57c5bcb6e.jpg,231,158,chicken,144,98,191,130
725_jpg.rf.bfcb165b0b51cef6790e9db57c5bcb6e.jpg,231,158,chicken,0,90,29,140
725_jpg.rf.bfcb165b0b51cef6790e9db57c5bcb6e.jpg,231,158,chicken,63,88,104,145
838_jpg.rf.c02db5591fd98f56e538be32d8c9f9b7.jpg,215,154,goat,22,19,193,149
843_jpg.rf.c084cace455c4eae65381ae885edd2e5.jpg,142,161,goat,22,9,126,154
327_jpg.rf.c12edc4fec1abb5d86268a2f5485c999.jpg,269,176,cow,46,1,268,176
311_jpg.rf.c14e3ede4521b22a1e64e7000ba7ffc5.jpg,229,172,cow,20,5,229,169
362_jpg.rf.c1996c6e3632a344e78db517a82f38b8.jpg,158,168,cow,3,18,156,155
923_jpg.rf.c1a7e82385fda54d200e44db1bb09de7.jpg,137,162,person,59,85,82,146
370_jpg.rf.c1dd40fc864b7bb20b33e50120347903.jpg,271,175,cow,120,0,195,107
370_jpg.rf.c1dd40fc864b7bb20b33e50120347903.jpg,271,175,cow,197,13,262,119
370_jpg.rf.c1dd40fc864b7bb20b33e50120347903.jpg,271,175,cow,6,26,143,165
964_jpg.rf.c282d134e910bffdbd07bc61f313e173.jpg,152,160,dog,0,69,103,158
964_jpg.rf.c282d134e910bffdbd07bc61f313e173.jpg,152,160,person,43,1,152,144
700_jpg.rf.c21c5f31309da3b3b45106789b2df2e6.jpg,198,154,dog,1,10,198,154
69_jpg.rf.c2b4b7f6aad6e431052f5e82e3473771.jpg,313,149,fox,114,70,226,138
69_jpg.rf.c2b4b7f6aad6e431052f5e82e3473771.jpg,313,149,fox,119,1,230,103
69_jpg.rf.c2b4b7f6aad6e431052f5e82e3473771.jpg,313,149,fox,80,41,156,115
591_jpg.rf.c4b40bdd451947ce31d002c721b60bec.jpg,314,123,cat,106,1,206,123
221_jpg.rf.c4f15162c819814629e1ad8d90ba7e8c.jpg,256,166,racoon,106,8,208,142
713_jpg.rf.c506ad21e63df5b5797d21d83b5e534c.jpg,234,155,chicken,56,45,158,155
713_jpg.rf.c506ad21e63df5b5797d21d83b5e534c.jpg,234,155,chicken,72,10,167,155
759_jpg.rf.c5946d9e5dcfa74d0820b21afb133b28.jpg,247,159,chicken,2,23,19,50
759_jpg.rf.c5946d9e5dcfa74d0820b21afb133b28.jpg,247,159,chicken,41,17,74,72
759_jpg.rf.c5946d9e5dcfa74d0820b21afb133b28.jpg,247,159,chicken,128,31,177,127
570_jpg.rf.c631552747ead7ec81e7257070076bcd.jpg,271,142,cat,153,42,239,102
570_jpg.rf.c631552747ead7ec81e7257070076bcd.jpg,271,142,cat,0,57,51,128
358_jpg.rf.c63ea7588387d18c145421f135e885c0.jpg,198,175,cow,13,13,189,164
174_jpg.rf.c74cfdd595dea70810ee5bbfa8c61b81.jpg,220,165,skunk,1,1,193,164
417_jpg.rf.c777a3ba9e50e6c463d3e215dcdcfa29.jpg,217,164,horse,37,49,206,158
918_jpg.rf.c7c1285047cdda84a9fede7e5c89681d.jpg,263,139,person,95,12,153,139
918_jpg.rf.c7c1285047cdda84a9fede7e5c89681d.jpg,263,139,person,18,16,70,139
918_jpg.rf.c7c1285047cdda84a9fede7e5c89681d.jpg,263,139,person,63,16,113,139
818_jpg.rf.c80bd42f3f1af688bae82f74d6af1290.jpg,219,160,goat,68,68,147,132
818_jpg.rf.c80bd42f3f1af688bae82f74d6af1290.jpg,219,160,goat,145,67,194,134
818_jpg.rf.c80bd42f3f1af688bae82f74d6af1290.jpg,219,160,goat,28,71,67,131
818_jpg.rf.c80bd42f3f1af688bae82f74d6af1290.jpg,219,160,goat,178,50,213,124
352_jpg.rf.c884876aab7f02826a68466dd349b7ac.jpg,145,180,cow,2,5,107,143
352_jpg.rf.c884876aab7f02826a68466dd349b7ac.jpg,145,180,cow,36,21,135,174
860_jpg.rf.c93d3139cd52dc3d74a25719fad6d316.jpg,226,158,goat,61,5,162,151
260_jpg.rf.c94b19e2dc774b897805752848c56f04.jpg,181,181,racoon,86,51,173,150
260_jpg.rf.c94b19e2dc774b897805752848c56f04.jpg,181,181,racoon,2,61,103,181
37_jpg.rf.c9802510f7b1bf4d3891ee9f35b9e965.jpg,276,175,fox,0,0,271,173
338_jpg.rf.c9b633eff0abd879848e4f0ce384934a.jpg,246,178,cow,0,0,29,29
338_jpg.rf.c9b633eff0abd879848e4f0ce384934a.jpg,246,178,cow,37,11,241,163
442_jpg.rf.c9c596dd6614c7ff03d43e0c82a4ced6.jpg,233,169,horse,60,33,124,124
442_jpg.rf.c9c596dd6614c7ff03d43e0c82a4ced6.jpg,233,169,horse,108,51,184,141
702_jpg.rf.c9e57ec20332499a65a2345189e689c7.jpg,184,158,chicken,27,0,158,157
450_jpg.rf.ca22d8b53fc8f84d530b8d4e29158f30.jpg,245,175,horse,13,29,134,117
793_jpg.rf.ca5970452d6710f8ebd5881f6848c52b.jpg,190,161,chicken,23,49,96,161
793_jpg.rf.ca5970452d6710f8ebd5881f6848c52b.jpg,190,161,person,0,3,170,161
207_jpg.rf.ca63ffbd054bf4cc88792c92b15ca58b.jpg,200,179,racoon,23,11,182,177
423_jpg.rf.cacc9d1e069a23499ccfed257104db22.jpg,260,161,horse,16,4,247,161
277_jpg.rf.cadbd1f495b2944f99bca76e7a5d8efd.jpg,146,179,racoon,10,24,108,179
990_jpg.rf.cb1d999a79e02b7d24949fe097009e55.jpg,234,131,person,0,26,117,129
990_jpg.rf.cb1d999a79e02b7d24949fe097009e55.jpg,234,131,goat,108,43,229,117
155_jpg.rf.cb6a9e01dd53672f4f882de48c508d67.jpg,189,175,skunk,30,19,189,135
97_jpg.rf.ccdd6484662d73eb3ca8366c94c5d0e7.jpg,250,178,fox,11,6,247,173
82_jpg.rf.cd0ed32da587993cba9c7c31982a8c20.jpg,283,167,fox,0,6,269,167
146_jpg.rf.cedce523e1b6e076e9ab608877d2ddf6.jpg,209,177,skunk,15,0,194,176
296_jpg.rf.cf8710cfd4551b96968cd7ccb21c08fa.jpg,141,178,racoon,0,16,141,178
422_jpg.rf.d04a4b5a75c78fecbbf7b3decbe34e56.jpg,238,171,person,180,74,234,171
422_jpg.rf.d04a4b5a75c78fecbbf7b3decbe34e56.jpg,238,171,horse,11,9,157,171
887_jpg.rf.d0942e68cdbc7a3e9dbc4a30513c7b91.jpg,199,158,goat,1,23,176,157
328_jpg.rf.d064686f7fb1a9a915955348aed1cb80.jpg,269,177,cow,79,2,269,177
907_jpg.rf.d0acd4541900f316bc160a6bd28e1398.jpg,239,161,person,64,18,110,157
907_jpg.rf.d0acd4541900f316bc160a6bd28e1398.jpg,239,161,person,129,17,174,161
907_jpg.rf.d0acd4541900f316bc160a6bd28e1398.jpg,239,161,person,100,22,144,161
907_jpg.rf.d0acd4541900f316bc160a6bd28e1398.jpg,239,161,person,160,23,211,161
907_jpg.rf.d0acd4541900f316bc160a6bd28e1398.jpg,239,161,person,20,27,79,159
453_jpg.rf.d0b72acaf92be34318da9320178b69da.jpg,242,175,horse,92,40,169,151
247_jpg.rf.d0bbf54985a969ccdb52225ef0b1eee9.jpg,271,177,racoon,18,13,210,177
681_jpg.rf.d0f797aeec955a990c59b0544b8785cd.jpg,132,140,dog,27,0,131,83
38_jpg.rf.d101c11a1e1b9c24586cf9bb3c00dbc2.jpg,266,168,fox,18,30,188,122
654_jpg.rf.d1bff3b22f3de7dd9e5c06e55fb510ce.jpg,236,159,dog,111,5,229,159
730_jpg.rf.d1451213f127cdcdec02c21d9e1c57a7.jpg,210,157,chicken,54,11,134,151
617_jpg.rf.d20f518cd3d81f12bbe66aa26335a42d.jpg,194,148,dog,52,6,193,148
597_jpg.rf.d225222b117f53dbb482dd602ac4a88c.jpg,211,160,cat,32,1,128,160
546_jpg.rf.d2a50db9b37ae0900628c37b9ac704bc.jpg,231,176,cat,27,32,148,173
414_jpg.rf.d2bd460db371f00ba7eece791ebd1713.jpg,260,178,horse,63,12,254,176
525_jpg.rf.d31924fb8361600e4af72870562516de.jpg,266,171,cat,0,1,220,170
724_jpg.rf.d339aa54efdd97d224aea8a4b82a1f78.jpg,239,156,chicken,164,77,207,136
724_jpg.rf.d339aa54efdd97d224aea8a4b82a1f78.jpg,239,156,chicken,85,35,152,141
58_jpg.rf.d4094d09f299ab3c01c9b46fcdb83f07.jpg,212,177,fox,4,19,209,166
790_jpg.rf.d4096ec98df1b874a10c0e1e901be711.jpg,268,142,chicken,33,0,231,142
310_jpg.rf.d4790750144170f839c4c72db96b8ad1.jpg,110,179,cow,0,0,110,179
551_jpg.rf.d4cd95c5a713f02a688bf15c6a1a4585.jpg,274,172,cat,105,69,247,172
502_jpg.rf.d4d50f2bcd0ddda68957df60c2cb10fd.jpg,173,173,cat,2,0,172,162
456_jpg.rf.d4e73e211635ab51f9c4d362ead86a4b.jpg,129,176,horse,19,36,103,176
456_jpg.rf.d4e73e211635ab51f9c4d362ead86a4b.jpg,129,176,horse,25,8,101,135
314_jpg.rf.d4f2bb12fe6939fa54d46a064faaca1c.jpg,266,152,cow,148,0,205,21
314_jpg.rf.d4f2bb12fe6939fa54d46a064faaca1c.jpg,266,152,cow,149,74,242,152
314_jpg.rf.d4f2bb12fe6939fa54d46a064faaca1c.jpg,266,152,cow,32,13,202,130
309_jpg.rf.d55223d1315350cec29a1435e467b055.jpg,162,179,cow,1,4,162,179
868_jpg.rf.d5cdfd34c5c5aab970b72b7ee12eed34.jpg,224,160,goat,66,18,224,119
868_jpg.rf.d5cdfd34c5c5aab970b72b7ee12eed34.jpg,224,160,goat,15,28,224,160
856_jpg.rf.d6adfdc82db8f7578d76f1e91912ca58.jpg,156,155,goat,8,9,155,155
447_jpg.rf.d77317e953d77ef0010256bff12b475e.jpg,182,171,horse,24,27,143,143
447_jpg.rf.d77317e953d77ef0010256bff12b475e.jpg,182,171,horse,74,40,182,141
447_jpg.rf.d77317e953d77ef0010256bff12b475e.jpg,182,171,horse,0,42,89,153
235_jpg.rf.d8b61925acefe24eeb6e8adccbe9f8d3.jpg,231,169,racoon,32,0,184,169
337_jpg.rf.d8f2b2a581024cb78477629f9b46ec81.jpg,278,162,cow,67,54,160,162
337_jpg.rf.d8f2b2a581024cb78477629f9b46ec81.jpg,278,162,person,136,1,231,162
900_jpg.rf.d95a06dce939956c155a0c96b901562e.jpg,205,155,goat,0,5,175,155
977_jpg.rf.d9afabb466b174636dc2df03e280e516.jpg,171,129,dog,34,28,79,105
977_jpg.rf.d9afabb466b174636dc2df03e280e516.jpg,171,129,person,66,22,116,129
148_jpg.rf.d5b4ce0d57749db50843b1b3ebdd66b7.jpg,248,172,skunk,2,0,216,137
220_jpg.rf.d9bf13a70f9f08bfdb8504fc802dbb5a.jpg,260,173,racoon,81,0,260,167
88_jpg.rf.d9e2f2c217d6ff64f0ae2a2758f8035c.jpg,226,176,fox,10,21,226,169
160_jpg.rf.da50a77a9d57ad29f0b9af402e55cedc.jpg,175,179,skunk,14,1,169,175
201_jpg.rf.da71426a11fe9915fa01b5b30f3f9296.jpg,219,178,racoon,2,0,217,176
451_jpg.rf.daa59a8ae8c68907cd0596bc8091d7be.jpg,169,177,horse,0,1,133,177
251_jpg.rf.dab170e89e59673ce5a56ff01abd317c.jpg,242,177,racoon,94,15,177,177
550_jpg.rf.db6c8cd4c13b77819cfaa2770bba0e8f.jpg,255,177,cat,31,0,141,177
852_jpg.rf.dc2c5640f449387f550f3a04b39a4c8e.jpg,255,155,goat,2,1,156,120
852_jpg.rf.dc2c5640f449387f550f3a04b39a4c8e.jpg,255,155,goat,122,29,255,151
852_jpg.rf.dc2c5640f449387f550f3a04b39a4c8e.jpg,255,155,goat,21,42,141,152
934_jpg.rf.dca1e504ce4bb2ede61af3edfb84bba9.jpg,218,146,person,146,41,164,86
934_jpg.rf.dca1e504ce4bb2ede61af3edfb84bba9.jpg,218,146,person,166,42,184,86
934_jpg.rf.dca1e504ce4bb2ede61af3edfb84bba9.jpg,218,146,person,180,44,195,86
259_jpg.rf.dcf3e648fe7e3b2005d524f89b86c2e5.jpg,151,177,racoon,0,18,127,149
674_jpg.rf.dd32f4beaf6dc406d160565703657e47.jpg,124,155,dog,42,41,82,115
178_jpg.rf.dd52fbb3d9d681f7fc187fe587aa15c4.jpg,219,166,skunk,25,8,197,152
594_jpg.rf.dd6a89e140681484c40b919d6cbc60c7.jpg,194,157,cat,35,37,94,157
881_jpg.rf.dde2348fc85e6fa2fd08d4c77706150e.jpg,173,159,goat,0,8,56,143
881_jpg.rf.dde2348fc85e6fa2fd08d4c77706150e.jpg,173,159,goat,37,15,163,159
24_jpg.rf.ddd9ffbdd5a329889b99e7a2ee31d772.jpg,275,179,fox,43,61,166,165
937_jpg.rf.de1113d778ff4287734d3136376e8bb1.jpg,219,161,person,45,105,85,150
937_jpg.rf.de1113d778ff4287734d3136376e8bb1.jpg,219,161,person,1,29,48,145
937_jpg.rf.de1113d778ff4287734d3136376e8bb1.jpg,219,161,person,81,53,128,139
937_jpg.rf.de1113d778ff4287734d3136376e8bb1.jpg,219,161,person,193,57,219,138
343_jpg.rf.de66155dfdb0a8d491637eed2b6c267d.jpg,141,177,cow,0,9,78,139
930_jpg.rf.dfbc119b450e182dbe4f1917da52fb5e.jpg,200,156,person,42,55,78,145
930_jpg.rf.dfbc119b450e182dbe4f1917da52fb5e.jpg,200,156,person,132,57,169,145
930_jpg.rf.dfbc119b450e182dbe4f1917da52fb5e.jpg,200,156,person,91,51,131,147
922_jpg.rf.dfbc1379a43c6382136f8edea0ccd0f3.jpg,239,155,person,93,48,143,127
731_jpg.rf.dfc299a3aa8fdd4e2ffb4434e746c335.jpg,210,135,chicken,65,88,109,135
731_jpg.rf.dfc299a3aa8fdd4e2ffb4434e746c335.jpg,210,135,chicken,109,93,152,135
731_jpg.rf.dfc299a3aa8fdd4e2ffb4434e746c335.jpg,210,135,chicken,37,0,195,135
731_jpg.rf.dfc299a3aa8fdd4e2ffb4434e746c335.jpg,210,135,chicken,138,64,194,135
409_jpg.rf.dff6c40af5ba13dffbe37f1e7129247a.jpg,246,161,horse,20,14,104,125
409_jpg.rf.dff6c40af5ba13dffbe37f1e7129247a.jpg,246,161,horse,25,9,197,161
409_jpg.rf.dff6c40af5ba13dffbe37f1e7129247a.jpg,246,161,horse,103,16,223,154
365_jpg.rf.e03a661b967a49b64e3f18cfa121d26f.jpg,206,176,cow,7,56,35,95
365_jpg.rf.e03a661b967a49b64e3f18cfa121d26f.jpg,206,176,cow,164,61,206,101
365_jpg.rf.e03a661b967a49b64e3f18cfa121d26f.jpg,206,176,cow,143,68,169,104
365_jpg.rf.e03a661b967a49b64e3f18cfa121d26f.jpg,206,176,cow,30,39,158,145
78_jpg.rf.e04f4ce032b65eb5d3d362faafe03c21.jpg,229,177,fox,13,40,213,142
915_jpg.rf.e0a1d4b3e781736d15f8d1778828887d.jpg,212,160,person,61,59,91,127
915_jpg.rf.e0a1d4b3e781736d15f8d1778828887d.jpg,212,160,person,38,56,68,133
84_jpg.rf.e17e81e2b3772a07738cb6c5b9c3d851.jpg,258,175,fox,99,13,236,151
330_jpg.rf.e1bd2b64f409417b31d7a616eb2cf47b.jpg,150,180,cow,2,22,148,179
317_jpg.rf.e1dcec3559cfe2d3ea1f4ef626763b87.jpg,262,170,cow,20,13,250,165
498_jpg.rf.e21fc332e886f26c867b9ea95865885b.jpg,230,175,horse,16,27,227,167
703_jpg.rf.e30ae04fa8325ac7ab82560c0db5fd0b.jpg,150,159,chicken,0,1,127,153
553_jpg.rf.e37f14029b92edb193ed563b83496ebe.jpg,196,179,cat,64,83,113,151
182_jpg.rf.e388d81cf222edf05a009072396ba4ec.jpg,233,155,skunk,74,8,168,145
691_jpg.rf.e42a319b75ad455e574db6d784e953b6.jpg,203,158,dog,0,1,203,157
403_jpg.rf.e47ad8f3170366030813080481e080cf.jpg,275,169,horse,1,11,225,153
555_jpg.rf.e50df88a6efc6853fccaf29093119ff2.jpg,183,173,cat,12,36,183,147
765_jpg.rf.e5233a871ef9106d4af533b185e5dc08.jpg,169,161,chicken,18,20,167,161
559_jpg.rf.e55e09874662865ba30d33ad8d217a76.jpg,227,172,cat,120,25,192,136
137_jpg.rf.e60c387aa94ab0915fdba7ae19cf6a14.jpg,169,178,skunk,17,1,106,165
972_jpg.rf.e6880fd8861e3d977b27e761ebe3c807.jpg,224,152,person,47,61,138,122
972_jpg.rf.e6880fd8861e3d977b27e761ebe3c807.jpg,224,152,dog,115,65,212,123
839_jpg.rf.e71457fec8d7ba64a70a3f31bacf33d9.jpg,174,148,goat,18,14,162,141
659_jpg.rf.e73313504b7a5ccf2b633c64e6d76b12.jpg,238,161,dog,0,5,113,161
659_jpg.rf.e73313504b7a5ccf2b633c64e6d76b12.jpg,238,161,dog,104,26,238,161
680_jpg.rf.e76a6b272b4dbf01ba02e1c16a2a3b49.jpg,283,126,dog,41,0,224,126
959_jpg.rf.e78459566a5f5410b949dc2ee6668ece.jpg,195,154,dog,127,73,195,130
959_jpg.rf.e78459566a5f5410b949dc2ee6668ece.jpg,195,154,person,12,6,82,130
959_jpg.rf.e78459566a5f5410b949dc2ee6668ece.jpg,195,154,person,181,38,195,101
959_jpg.rf.e78459566a5f5410b949dc2ee6668ece.jpg,195,154,person,137,40,171,100
590_jpg.rf.e7dc160ac7c60811a9f5df32723d42a3.jpg,229,157,cat,84,66,122,114
670_jpg.rf.e849f09646fd1dc2bd094b89aac517f4.jpg,181,145,dog,0,3,164,144
308_jpg.rf.e898963e3c35cdb98b1e5b816407f7c3.jpg,143,176,cow,9,36,137,171
592_jpg.rf.e982bd036f8885d01b6a45c5d2e56c07.jpg,242,156,cat,52,37,161,121
256_jpg.rf.e986d6e9fabea5cc8c4f83e0cfd94c6b.jpg,217,175,racoon,105,35,216,155
256_jpg.rf.e986d6e9fabea5cc8c4f83e0cfd94c6b.jpg,217,175,racoon,77,65,111,125
519_jpg.rf.e98a804c20a270f3512d6dcd36cead52.jpg,241,174,cat,0,49,57,170
406_jpg.rf.e99cde4f3c612d58226dcb8b1bfc331f.jpg,162,175,horse,19,60,151,163
880_jpg.rf.e9baa1e9854240827bcf436b22085690.jpg,158,159,goat,1,1,151,154
229_jpg.rf.e9d5849efc7a6e990e4dffb81a6479df.jpg,207,177,racoon,93,12,200,167
66_jpg.rf.ea22f4c46a89e9af55dc260a7523e641.jpg,253,180,fox,1,20,253,173
623_jpg.rf.ea9e57a90ebe18362dac360f74fe9e93.jpg,127,159,dog,12,42,99,148
620_jpg.rf.eabdfd54fd5166b0c13330c81684fc45.jpg,195,158,dog,21,38,153,127
651_jpg.rf.eacf52c1de1591557a3f3f38cca63ce3.jpg,142,160,dog,30,7,109,160
508_jpg.rf.eaf0b6ec666e555db3cd00ce3c4bf3b3.jpg,166,176,cat,2,9,166,165
707_jpg.rf.ebefa1f750c1f3040161c458237d9c0a.jpg,151,152,chicken,22,12,131,142
114_jpg.rf.363717b6d17967ca972fc20d374491fa.jpg,254,166,skunk,1,0,208,163
857_jpg.rf.36635e1165c43fecd45f644263c280f5.jpg,162,158,goat,86,37,162,105
857_jpg.rf.36635e1165c43fecd45f644263c280f5.jpg,162,158,person,100,4,162,158
973_jpg.rf.369c10d5582ad5fb1134a549ee887312.jpg,224,160,person,31,3,137,160
973_jpg.rf.369c10d5582ad5fb1134a549ee887312.jpg,224,160,goat,119,29,224,160
503_jpg.rf.36a28e4361a2594c765577dbb90b9de3.jpg,212,178,cat,6,0,212,176
528_jpg.rf.36b422f25b48ba05a3a4d016a8ea3748.jpg,295,162,cat,1,16,215,156
688_jpg.rf.36bb7b2235b3e0e191b204673dd3e943.jpg,136,157,dog,0,34,136,146
157_jpg.rf.371231a432ba22d287a9e334d1207161.jpg,254,154,skunk,16,7,147,125
60_jpg.rf.37e409e10f571200a703cf59afa17fa6.jpg,249,170,fox,40,16,246,157
927_jpg.rf.38d57747160211f201626e3daceb4c04.jpg,234,157,person,87,62,112,127
927_jpg.rf.38d57747160211f201626e3daceb4c04.jpg,234,157,person,110,66,138,129
927_jpg.rf.38d57747160211f201626e3daceb4c04.jpg,234,157,person,145,67,174,130
425_jpg.rf.396703a6cad529cdda9c4369bbd60987.jpg,244,174,horse,62,0,228,174
803_jpg.rf.3969925a8222a5e5196ae8fb6a6bbc6c.jpg,213,157,goat,109,12,194,157
803_jpg.rf.3969925a8222a5e5196ae8fb6a6bbc6c.jpg,213,157,goat,12,15,130,157
858_jpg.rf.398a4d5806fde856934d0dfc6bc3e764.jpg,205,158,goat,94,55,205,145
858_jpg.rf.398a4d5806fde856934d0dfc6bc3e764.jpg,205,158,chicken,24,2,131,88
858_jpg.rf.398a4d5806fde856934d0dfc6bc3e764.jpg,205,158,goat,29,50,118,141
374_jpg.rf.39a9019548c0e71b2424047977a28ca8.jpg,260,165,cow,169,62,226,147
374_jpg.rf.39a9019548c0e71b2424047977a28ca8.jpg,260,165,cow,79,12,175,144
374_jpg.rf.39a9019548c0e71b2424047977a28ca8.jpg,260,165,cow,207,58,260,114
374_jpg.rf.39a9019548c0e71b2424047977a28ca8.jpg,260,165,cow,2,47,91,126
374_jpg.rf.39a9019548c0e71b2424047977a28ca8.jpg,260,165,cow,55,60,103,124
726_jpg.rf.39c75638b8fb4c907ac8bdb8c6fd0881.jpg,233,162,chicken,73,48,147,158
726_jpg.rf.39c75638b8fb4c907ac8bdb8c6fd0881.jpg,233,162,chicken,0,9,94,130
726_jpg.rf.39c75638b8fb4c907ac8bdb8c6fd0881.jpg,233,162,chicken,142,30,191,136
28_jpg.rf.39cb6f1a48f528032fce54530924f215.jpg,250,177,fox,66,34,227,142
853_jpg.rf.3bbe240c5d510657edf792d7cfd81697.jpg,243,158,goat,81,17,215,107
853_jpg.rf.3bbe240c5d510657edf792d7cfd81697.jpg,243,158,goat,2,15,171,158
842_jpg.rf.3c1b1d99ac05546fadabe22ad164fbb9.jpg,118,137,goat,7,0,118,137
393_jpg.rf.3cc56e163fcd1f4e01f7621a4b23976b.jpg,180,175,cow,7,1,174,175
619_jpg.rf.3d86aa2e4e30b308fe56d6c5c17a9475.jpg,319,123,dog,178,12,310,118
147_jpg.rf.3d16c9921a07b0ed77c59b3061f27243.jpg,216,179,skunk,0,0,216,155
119_jpg.rf.3c02492df1b43bb3c16abad84182116c.jpg,166,179,skunk,0,2,164,165
704_jpg.rf.3c7f3c7ab90547c8862c293ac9b38336.jpg,151,159,chicken,1,32,141,158
938_jpg.rf.3dcb41e21b0ed9b5efb8bdc3d2810116.jpg,246,161,person,6,47,63,160
938_jpg.rf.3dcb41e21b0ed9b5efb8bdc3d2810116.jpg,246,161,person,69,38,108,136
938_jpg.rf.3dcb41e21b0ed9b5efb8bdc3d2810116.jpg,246,161,person,131,49,178,130
938_jpg.rf.3dcb41e21b0ed9b5efb8bdc3d2810116.jpg,246,161,person,181,40,221,146
646_jpg.rf.3c63f4505db2bcd95ba811c21ad7656f.jpg,223,158,dog,18,58,139,158
505_jpg.rf.3de2712dc2f491a2a6b683284f0146da.jpg,226,177,cat,17,44,222,177
505_jpg.rf.3de2712dc2f491a2a6b683284f0146da.jpg,226,177,cat,1,0,96,126
698_jpg.rf.3ea913b1ac288700223eb0d0e59c51e6.jpg,220,152,dog,26,10,202,139
694_jpg.rf.3f8ba2f5dbd46e3e24aff5d7b4a88928.jpg,175,156,dog,5,31,169,141
493_jpg.rf.403b6845d2d8f80478fad641c22d3275.jpg,283,149,horse,1,1,252,149
493_jpg.rf.403b6845d2d8f80478fad641c22d3275.jpg,283,149,horse,79,20,278,149
631_jpg.rf.4023b68043967c2784261991cbb6bfcc.jpg,198,159,dog,12,0,194,159
65_jpg.rf.40524216fecac8f84cf86bc06af9819f.jpg,251,179,fox,216,87,251,134
65_jpg.rf.40524216fecac8f84cf86bc06af9819f.jpg,251,179,fox,2,24,136,135
65_jpg.rf.40524216fecac8f84cf86bc06af9819f.jpg,251,179,fox,198,58,242,132
217_jpg.rf.40b1a98ade502ba538972b4b38be3b29.jpg,295,166,racoon,117,24,241,166
879_jpg.rf.40cc9cbe5b420bcf382eaa67f1295d27.jpg,169,159,goat,5,5,168,159
905_jpg.rf.4125ffe61fd6497935d94edf45f5c0ba.jpg,145,157,person,76,16,145,154
905_jpg.rf.4125ffe61fd6497935d94edf45f5c0ba.jpg,145,157,person,54,21,115,157
905_jpg.rf.4125ffe61fd6497935d94edf45f5c0ba.jpg,145,157,person,0,23,48,157
905_jpg.rf.4125ffe61fd6497935d94edf45f5c0ba.jpg,145,157,person,1,26,47,157
237_jpg.rf.415e8ed6c9b9223870c7ff4f8b6053fb.jpg,226,180,racoon,69,2,181,179
712_jpg.rf.4183b7c13dee5d3ec95490a8d8fc977c.jpg,226,156,chicken,122,44,179,156
712_jpg.rf.4183b7c13dee5d3ec95490a8d8fc977c.jpg,226,156,chicken,23,12,101,114
712_jpg.rf.4183b7c13dee5d3ec95490a8d8fc977c.jpg,226,156,chicken,52,27,156,127
3_jpg.rf.41b69ad29431b75fb6748f7fb5f53db0.jpg,229,183,fox,15,18,192,181
773_jpg.rf.427359c9aad46e74d35066ce824b9b10.jpg,184,151,chicken,33,3,153,148
123_jpg.rf.438158856f36dea0dc7559e236b547c3.jpg,246,178,skunk,20,13,246,156
187_jpg.rf.44ef61b42c96aa4906d01f3bb0be1b73.jpg,272,175,skunk,32,13,205,138
807_jpg.rf.44482f52cb5672c8ddcd35213263d972.jpg,222,156,goat,31,20,112,132
807_jpg.rf.44482f52cb5672c8ddcd35213263d972.jpg,222,156,goat,86,17,201,141
548_jpg.rf.4508b1ba2b5163bd1acad96119a63805.jpg,202,177,cat,2,27,151,176
261_jpg.rf.4513aefe6e0987f67886f294846452b0.jpg,310,159,racoon,126,3,297,158
760_jpg.rf.461e5c7b5c5b1abedad36b2b6bed668d.jpg,202,154,chicken,1,0,202,154
30_jpg.rf.466c8b13b2c56baa741fd425d3cd40e5.jpg,273,180,fox,42,0,271,178
347_jpg.rf.46d11da28385c48d04bebde7421053a5.jpg,182,167,cow,45,75,163,165
347_jpg.rf.46d11da28385c48d04bebde7421053a5.jpg,182,167,person,32,23,85,165
849_jpg.rf.473e62b4cae8433f44ad30950fa09231.jpg,135,166,goat,4,2,133,163
455_jpg.rf.4828f1a97b89d137626cc28175c0de2e.jpg,258,176,horse,74,34,258,175
386_jpg.rf.48374517613cdac6e3f2416a142aacd5.jpg,161,175,cow,0,124,110,175
386_jpg.rf.48374517613cdac6e3f2416a142aacd5.jpg,161,175,cow,4,16,161,154
931_jpg.rf.488f75dda02b9f6c79267344a2c99085.jpg,239,157,person,8,48,49,156
931_jpg.rf.488f75dda02b9f6c79267344a2c99085.jpg,239,157,person,110,48,165,157
931_jpg.rf.488f75dda02b9f6c79267344a2c99085.jpg,239,157,person,154,0,239,157
931_jpg.rf.488f75dda02b9f6c79267344a2c99085.jpg,239,157,person,45,49,79,131
326_jpg.rf.49b3345a26c566c6317bba70f206caf2.jpg,248,173,cow,32,108,57,130
326_jpg.rf.49b3345a26c566c6317bba70f206caf2.jpg,248,173,cow,210,118,248,150
326_jpg.rf.49b3345a26c566c6317bba70f206caf2.jpg,248,173,cow,0,111,50,168
326_jpg.rf.49b3345a26c566c6317bba70f206caf2.jpg,248,173,cow,2,1,181,172
236_jpg.rf.49f4456943457a06d14882e5895d8ace.jpg,295,163,racoon,44,1,289,163
549_jpg.rf.4a04463ffc21304298d883483fa2e036.jpg,242,177,cat,66,2,242,175
371_jpg.rf.4a8629fec71f2d7f0297c92f75b2e36d.jpg,180,175,cow,3,50,180,175
81_jpg.rf.4b0b63418d67db0c04a7298cb7e655e0.jpg,292,164,fox,68,12,249,161
897_jpg.rf.4b84910d0071424c07d69e58fac0f647.jpg,252,140,goat,0,5,155,139
897_jpg.rf.4b84910d0071424c07d69e58fac0f647.jpg,252,140,goat,154,9,251,139
159_jpg.rf.4c0424c03f4ece5ca7589b857784f085.jpg,292,170,skunk,33,29,227,140
635_jpg.rf.4c3e2697a265c238d0df91dde8e8ad79.jpg,257,147,dog,21,7,190,125
510_jpg.rf.4d0639054791cc482c1805f35fffdf39.jpg,296,143,cat,15,0,212,104
614_jpg.rf.4d219e0a4b5a1df2a84afe6ae3a2d256.jpg,144,158,dog,28,36,137,152
577_jpg.rf.4d62dabf4b8fb53c7fb3b9c9c0263fca.jpg,199,157,cat,0,34,187,144
377_jpg.rf.4e2657d1a8269b765b08dcac0586292a.jpg,175,171,cow,118,80,148,128
377_jpg.rf.4e2657d1a8269b765b08dcac0586292a.jpg,175,171,cow,69,80,105,130
377_jpg.rf.4e2657d1a8269b765b08dcac0586292a.jpg,175,171,cow,42,95,87,127
377_jpg.rf.4e2657d1a8269b765b08dcac0586292a.jpg,175,171,cow,108,98,129,128
377_jpg.rf.4e2657d1a8269b765b08dcac0586292a.jpg,175,171,cow,96,102,116,127
377_jpg.rf.4e2657d1a8269b765b08dcac0586292a.jpg,175,171,person,5,46,58,128
536_jpg.rf.4e58b7e4043259699f8ddf2189e85df8.jpg,171,149,cat,69,51,122,132
430_jpg.rf.4ee0d809ad9814c1f70c1cff80929bb1.jpg,198,161,horse,20,11,191,154
316_jpg.rf.4eff5693ec577f62d66737f93f378a85.jpg,285,143,cow,7,1,277,142
13_jpg.rf.5086b565e7bf4eb9012048a8c580513d.jpg,239,182,fox,0,28,178,169
504_jpg.rf.508ae73db7377bd96e3c1c9a44dcbf35.jpg,240,174,cat,34,2,214,174
149_jpg.rf.5099718a2d5883e70a7b6f9203493b40.jpg,223,132,skunk,67,7,197,117
471_jpg.rf.511e92b8948cf20d7ce4baba21e27ecc.jpg,146,171,horse,78,53,129,158
471_jpg.rf.511e92b8948cf20d7ce4baba21e27ecc.jpg,146,171,horse,0,12,134,160
804_jpg.rf.5135b45c57b771fee3c79689b4fd09c1.jpg,215,158,goat,74,6,161,138
437_jpg.rf.514190b6da1c77c262afd4ab86b85250.jpg,283,166,horse,98,0,181,166
801_jpg.rf.524fbcc14bdb7a2279803072860603fe.jpg,176,160,goat,46,7,135,140
360_jpg.rf.514a342241cc344f546fb8012d6d3e0a.jpg,167,178,cow,7,55,157,150
360_jpg.rf.514a342241cc344f546fb8012d6d3e0a.jpg,167,178,cow,138,40,157,56
360_jpg.rf.514a342241cc344f546fb8012d6d3e0a.jpg,167,178,cow,115,41,139,57
360_jpg.rf.514a342241cc344f546fb8012d6d3e0a.jpg,167,178,cow,77,49,94,61
360_jpg.rf.514a342241cc344f546fb8012d6d3e0a.jpg,167,178,cow,53,48,74,67
209_jpg.rf.529ce751f1d4205c015828ef8efeeaa5.jpg,169,166,racoon,1,12,162,141
799_jpg.rf.5303b90bdadea1a35b9a4ad371d34f1d.jpg,189,158,chicken,31,0,149,158
127_jpg.rf.53359ed88829f3fe752bee2747481d82.jpg,253,180,skunk,29,46,150,108
507_jpg.rf.5340f87eda29fb3f859c408548c304d2.jpg,236,173,cat,0,24,123,142
618_jpg.rf.534276451c5e914ddc8e4c5e345a481f.jpg,232,159,dog,112,27,176,144
618_jpg.rf.534276451c5e914ddc8e4c5e345a481f.jpg,232,159,dog,65,41,113,141
262_jpg.rf.53a16c996ddea4dc26cce3ab4b41ab3b.jpg,269,179,racoon,47,82,160,171
262_jpg.rf.53a16c996ddea4dc26cce3ab4b41ab3b.jpg,269,179,racoon,62,38,155,121
608_jpg.rf.550bb768f142dfd2368db45c84c890ee.jpg,152,161,dog,62,10,134,129
608_jpg.rf.550bb768f142dfd2368db45c84c890ee.jpg,152,161,dog,1,33,77,149
242_jpg.rf.553d1ca40ecd4e0a947b4d6c7cb2c862.jpg,253,181,racoon,43,76,137,161
144_jpg.rf.55685c66554f989768a8af764ba9764b.jpg,344,144,skunk,151,26,259,116
647_jpg.rf.556a80b0b375e5d376f1f27861b8e397.jpg,205,153,dog,35,0,155,153
444_jpg.rf.559358ebfc0e7100bc4c570df4295db6.jpg,292,161,horse,0,1,192,161
527_jpg.rf.55c5a3adb29e0f09ed8844317bb712b7.jpg,272,178,cat,148,41,222,150
951_jpg.rf.55d1e81eb5db51f024551e3d47a50dfd.jpg,266,145,person,13,49,92,127
951_jpg.rf.55d1e81eb5db51f024551e3d47a50dfd.jpg,266,145,person,239,67,266,131
342_jpg.rf.560b1d68d04b5d994dec63d7adb32bef.jpg,228,177,cow,0,34,196,177
342_jpg.rf.560b1d68d04b5d994dec63d7adb32bef.jpg,228,177,cow,87,1,217,165
19_jpg.rf.5629973c9be647d0cc360963d11c273b.jpg,234,180,fox,0,11,194,179
284_jpg.rf.56b3d0a80b5c997861177b1766be7e78.jpg,328,143,racoon,125,42,207,140
284_jpg.rf.56b3d0a80b5c997861177b1766be7e78.jpg,328,143,racoon,187,54,245,140
284_jpg.rf.56b3d0a80b5c997861177b1766be7e78.jpg,328,143,racoon,40,55,180,143
787_jpg.rf.565b01e10693b634e1e61ffe827c1f75.jpg,216,150,chicken,61,74,101,145
787_jpg.rf.565b01e10693b634e1e61ffe827c1f75.jpg,216,150,chicken,86,77,147,149
787_jpg.rf.565b01e10693b634e1e61ffe827c1f75.jpg,216,150,person,85,0,146,120
787_jpg.rf.565b01e10693b634e1e61ffe827c1f75.jpg,216,150,chicken,92,87,125,112
862_jpg.rf.56c9df746553547a0dd3cd11f33091a9.jpg,237,159,goat,53,29,204,145
611_jpg.rf.57ec9ad521c4e3b2ccc35473c8b7f64c.jpg,262,157,dog,49,16,157,153
77_jpg.rf.586a9d659c0b5af11c2349cec3bfbcfe.jpg,138,180,fox,18,37,106,167
459_jpg.rf.587cd8f686847849ebbc2fcfc9491dcb.jpg,295,165,horse,58,2,211,165
650_jpg.rf.5931eb3f793caa15266e5881f3fa2a72.jpg,243,151,dog,2,10,240,137
988_jpg.rf.5982b61fae957cb66035bd0b1200f2b3.jpg,218,157,person,59,31,103,150
988_jpg.rf.5982b61fae957cb66035bd0b1200f2b3.jpg,218,157,goat,94,48,204,145
297_jpg.rf.59bce5952db010d2876975db27bb1af2.jpg,295,150,racoon,56,26,239,139
70_jpg.rf.5a205646b748764cff2f7ca61e09cd2e.jpg,140,178,fox,0,5,114,159
827_jpg.rf.5a4a94b85ddfc6fa6321732595ebc9ae.jpg,179,153,goat,43,20,166,153
25_jpg.rf.5a87aa5ec255af6146f371199ea166dc.jpg,325,143,fox,36,20,191,142
656_jpg.rf.5ae0721c912b343ca4b15b2afee1e985.jpg,214,160,dog,45,11,159,153
385_jpg.rf.5af86a778d75cde2fc49c75fdd5b8a8e.jpg,263,165,cow,24,9,263,161
845_jpg.rf.5afba6d44499dd1ae530cb61f3f77a14.jpg,161,158,goat,0,90,81,154
845_jpg.rf.5afba6d44499dd1ae530cb61f3f77a14.jpg,161,158,person,30,0,75,151
45_jpg.rf.5b0e068430eeeb1e7e777e7b3aff3bbc.jpg,219,156,fox,1,38,142,133
657_jpg.rf.5b8f5b8332a8be10e675663cde10c020.jpg,99,160,dog,8,2,84,160
533_jpg.rf.5bc0b5606df3f6a6611d45470e13920d.jpg,271,174,cat,16,35,203,168
286_jpg.rf.59dc09ec0a3912a159b47e0463d08df7.jpg,175,179,racoon,53,31,120,112
906_jpg.rf.5bed11b0ad997ffc067eeb9927b8680a.jpg,190,158,person,111,0,184,154
906_jpg.rf.5bed11b0ad997ffc067eeb9927b8680a.jpg,190,158,person,77,8,136,156
906_jpg.rf.5bed11b0ad997ffc067eeb9927b8680a.jpg,190,158,person,4,12,62,158
906_jpg.rf.5bed11b0ad997ffc067eeb9927b8680a.jpg,190,158,person,43,16,87,155
26_jpg.rf.5c60c8295bbc28947c6a1fca2ae350c9.jpg,253,180,fox,0,0,222,173
135_jpg.rf.5cadbd2d9f84a02fbaf0e760f33029e7.jpg,253,175,skunk,43,46,238,175
35_jpg.rf.5d2ed1cb09e76030ce7fb3cf3170181c.jpg,263,180,fox,35,58,128,180
35_jpg.rf.5d2ed1cb09e76030ce7fb3cf3170181c.jpg,263,180,fox,5,27,79,141
35_jpg.rf.5d2ed1cb09e76030ce7fb3cf3170181c.jpg,263,180,fox,86,1,260,180
817_jpg.rf.5cc566f94c8845e09b56588b15de635f.jpg,204,160,goat,86,31,197,160
817_jpg.rf.5cc566f94c8845e09b56588b15de635f.jpg,204,160,goat,0,38,114,160
461_jpg.rf.5d47125993c6c6e57aee24784af8270e.jpg,280,173,horse,91,66,181,154
461_jpg.rf.5d47125993c6c6e57aee24784af8270e.jpg,280,173,horse,159,100,203,145
461_jpg.rf.5d47125993c6c6e57aee24784af8270e.jpg,280,173,horse,137,1,280,173
461_jpg.rf.5d47125993c6c6e57aee24784af8270e.jpg,280,173,horse,7,2,154,173
675_jpg.rf.5d6e4b040ab065bbe830117118b0625e.jpg,126,156,dog,4,4,116,156
968_jpg.rf.5dc41c5e78751e7dc7d3278da70eb506.jpg,127,159,person,14,50,118,159
968_jpg.rf.5dc41c5e78751e7dc7d3278da70eb506.jpg,127,159,dog,81,48,120,109
949_jpg.rf.5e3a8457ea7ebcf517de3d99d6425fb1.jpg,220,153,person,27,0,120,153
949_jpg.rf.5e3a8457ea7ebcf517de3d99d6425fb1.jpg,220,153,person,114,58,146,129
61_jpg.rf.5e44ac59ba7737605de31b41f3eeb1d5.jpg,183,178,fox,27,45,176,169
432_jpg.rf.5eeb8ebdf967c936c8d056a91f31840c.jpg,277,163,horse,110,9,277,162
495_jpg.rf.5ef17da01b5a09f3e97c682f608b9b02.jpg,253,151,horse,0,0,236,151
495_jpg.rf.5ef17da01b5a09f3e97c682f608b9b02.jpg,253,151,horse,80,42,230,151
729_jpg.rf.5ef420bfda97defc94530db3f21c18be.jpg,219,157,chicken,9,29,80,126
729_jpg.rf.5ef420bfda97defc94530db3f21c18be.jpg,219,157,chicken,83,3,162,154
729_jpg.rf.5ef420bfda97defc94530db3f21c18be.jpg,219,157,chicken,166,33,219,129
913_jpg.rf.5f4c580d7c7f52b9be3d3024bd0eeb4b.jpg,228,147,person,116,0,187,147
913_jpg.rf.5f4c580d7c7f52b9be3d3024bd0eeb4b.jpg,228,147,person,35,21,114,146
537_jpg.rf.5f4d7c40d235d3ed8c516caf60d81892.jpg,332,142,cat,111,1,223,141
566_jpg.rf.604435499cabade62a5b06d4df60b9f7.jpg,268,178,cat,16,16,267,177
574_jpg.rf.60f1a6fe3bc91badfcbdda9bfaa64d51.jpg,244,154,cat,87,0,193,152
48_jpg.rf.610f0bcf2ac6d46e77e84a70991cab14.jpg,250,178,fox,68,34,248,157
74_jpg.rf.611091e34893deb824c1ad2be033aed1.jpg,332,143,fox,100,1,293,143
819_jpg.rf.61a98e3b1ed79f8af21f198a342e79e7.jpg,249,146,goat,59,28,249,141
911_jpg.rf.61ab3a293dfed48946aa0ffc607bbe82.jpg,242,158,person,103,12,144,117
911_jpg.rf.61ab3a293dfed48946aa0ffc607bbe82.jpg,242,158,person,53,17,97,119
454_jpg.rf.61ce0b7baff066453a742259467435b3.jpg,257,171,horse,14,28,204,133
454_jpg.rf.61ce0b7baff066453a742259467435b3.jpg,257,171,horse,74,54,180,132
983_jpg.rf.61e26b5d69db8dcc84477c96ee3663e5.jpg,127,158,goat,0,48,73,158
983_jpg.rf.61e26b5d69db8dcc84477c96ee3663e5.jpg,127,158,person,0,10,126,158
227_jpg.rf.633cdc19bbfd70029e50c2f8d350d352.jpg,176,179,racoon,19,44,73,98
531_jpg.rf.645031d756c237a099f126010cdbaf2a.jpg,240,178,cat,74,34,137,150
622_jpg.rf.646898f54c73cc52b91ef23b9f461bed.jpg,146,159,dog,16,20,74,116
588_jpg.rf.6469d3acbf6ed5ec5edc9e557c63fd89.jpg,241,157,cat,95,39,183,142
345_jpg.rf.65002bc82f6a45b326c972ddba17f02f.jpg,255,172,cow,0,21,76,162
345_jpg.rf.65002bc82f6a45b326c972ddba17f02f.jpg,255,172,cow,72,59,166,125
345_jpg.rf.65002bc82f6a45b326c972ddba17f02f.jpg,255,172,cow,194,75,255,116
345_jpg.rf.65002bc82f6a45b326c972ddba17f02f.jpg,255,172,cow,144,87,169,106
345_jpg.rf.65002bc82f6a45b326c972ddba17f02f.jpg,255,172,cow,162,74,211,121
875_jpg.rf.655fa1f5518864576e4ee3fb73ea1626.jpg,209,159,goat,0,2,180,158
73_jpg.rf.652a14bae3d7ac34687c2c6992471f8f.jpg,263,172,fox,117,50,230,139
306_jpg.rf.65acbb7434c2df371bb666cc59cf910f.jpg,244,135,cow,64,27,153,128
823_jpg.rf.66ad1c41b6b37deb29312cb7cddfe0fe.jpg,257,142,goat,2,96,86,142
823_jpg.rf.66ad1c41b6b37deb29312cb7cddfe0fe.jpg,257,142,goat,31,9,189,141
770_jpg.rf.66b5af419bcc4c99c47e75711915b634.jpg,235,159,chicken,44,26,136,144
932_jpg.rf.6780371c61d6694c6e488ee3f82041b5.jpg,240,161,person,141,91,163,153
932_jpg.rf.6780371c61d6694c6e488ee3f82041b5.jpg,240,161,person,103,96,127,153
381_jpg.rf.67a3f614d46c9b1b185e981970394b16.jpg,163,170,cow,37,1,163,154
381_jpg.rf.67a3f614d46c9b1b185e981970394b16.jpg,163,170,cow,7,6,132,167
391_jpg.rf.67bd84fbd1f458de0885a96a55d09c6b.jpg,241,178,cow,0,34,241,177
538_jpg.rf.67ecac12223f68c3b4bb7ca4c3048f05.jpg,246,174,cat,68,78,137,154
89_jpg.rf.67fdb6fa2bcca28ff39f77889f0260b6.jpg,194,176,fox,22,22,193,146
300_jpg.rf.6850d66ca76896b964b5f8cb30ece300.jpg,268,166,racoon,111,3,250,117
987_jpg.rf.6850d92565a64138046b228580837214.jpg,203,136,goat,0,16,106,134
987_jpg.rf.6850d92565a64138046b228580837214.jpg,203,136,person,107,26,180,136
976_jpg.rf.686772fbbffa5ca0ea20e289b4264896.jpg,168,154,dog,29,76,168,154
976_jpg.rf.686772fbbffa5ca0ea20e289b4264896.jpg,168,154,person,50,3,159,154
580_jpg.rf.6934356f36eb81622ee12b57f535b34e.jpg,235,156,cat,56,2,146,146
46_jpg.rf.6940a8ae1f001bc82a58f9b43f51dac1.jpg,321,150,fox,0,30,219,150
90_jpg.rf.6b21c53a77df75e584423ac344eb9e0e.jpg,278,175,fox,0,10,237,174
481_jpg.rf.6bd31d29393b07de1b164bc31a6cabd9.jpg,234,175,horse,6,27,181,164
15_jpg.rf.6c2432e5d31d45b45df5bf041d23c414.jpg,236,180,fox,22,43,233,150
416_jpg.rf.6e0d9faac1b9d4fcd507225bb5795f34.jpg,266,176,horse,108,26,218,162
419_jpg.rf.6e673f78208160d0efc148e30b880fc6.jpg,267,169,horse,53,23,253,169
280_jpg.rf.6e8bd91db13da71b3f85b069ecc20c5d.jpg,243,176,racoon,99,27,205,175
280_jpg.rf.6e8bd91db13da71b3f85b069ecc20c5d.jpg,243,176,racoon,49,27,120,163
767_jpg.rf.6e98c6110e5f3309b3ee00b12f8cbf40.jpg,239,156,chicken,45,27,194,156
109_jpg.rf.6e9b0fde2ae3722bb07d25a36c81d70f.jpg,221,180,skunk,30,0,166,176
462_jpg.rf.6ea06278281a8d3c50c99f5720879d8f.jpg,241,157,horse,53,8,178,156
487_jpg.rf.6ea95a813d000c367b5b9c05f8616e55.jpg,236,164,person,127,1,236,164
487_jpg.rf.6ea95a813d000c367b5b9c05f8616e55.jpg,236,164,horse,0,1,198,164
579_jpg.rf.6ea9bf8f1a726d020f42f42704a552d1.jpg,195,156,cat,16,24,81,92
579_jpg.rf.6ea9bf8f1a726d020f42f42704a552d1.jpg,195,156,cat,105,22,192,95
196_jpg.rf.6eae09393aad3334fd1f40065dc46a9f.jpg,212,163,skunk,34,71,165,144
264_jpg.rf.6eafe87ecfd4f7ded359a9a71968489a.jpg,250,177,racoon,90,49,147,151
264_jpg.rf.6eafe87ecfd4f7ded359a9a71968489a.jpg,250,177,racoon,66,66,104,121
264_jpg.rf.6eafe87ecfd4f7ded359a9a71968489a.jpg,250,177,racoon,130,68,178,131
400_jpg.rf.6ede0f39bee26f70b29c2525fa3257c1.jpg,159,162,cow,3,41,158,149
722_jpg.rf.6f6b99ebf92c5cdd4523a5da97c45031.jpg,284,137,chicken,58,0,138,98
722_jpg.rf.6f6b99ebf92c5cdd4523a5da97c45031.jpg,284,137,chicken,4,12,123,121
722_jpg.rf.6f6b99ebf92c5cdd4523a5da97c45031.jpg,284,137,chicken,140,8,265,127
474_jpg.rf.7121bd0fd2172935d1abe44a963788e8.jpg,245,173,horse,14,43,92,157
474_jpg.rf.7121bd0fd2172935d1abe44a963788e8.jpg,245,173,horse,55,18,141,158
474_jpg.rf.7121bd0fd2172935d1abe44a963788e8.jpg,245,173,horse,157,12,236,170
290_jpg.rf.715bbf359a89dcd553ed175bb42443b1.jpg,282,167,racoon,45,6,196,167
855_jpg.rf.71866f3f79e783c4c4756f4a8ce63d05.jpg,228,160,goat,30,60,160,160
605_jpg.rf.71e5031e84cd75f012dfe4d00dd75049.jpg,128,157,dog,29,19,105,157
431_jpg.rf.72b0fd4c7d81fc338d1640a88a6c5fd6.jpg,240,173,horse,15,20,232,160
218_jpg.rf.7302dbf99e4950ed1f651aeafecf4eb2.jpg,256,179,racoon,5,1,256,179
805_jpg.rf.735f5b0bb831ca35a4be8e4bd576df40.jpg,175,158,goat,2,11,159,151
283_jpg.rf.73192348a1056f052a98f696c9c8211b.jpg,202,182,racoon,111,51,195,181
283_jpg.rf.73192348a1056f052a98f696c9c8211b.jpg,202,182,racoon,0,2,81,147
494_jpg.rf.7418e4354b6f74f8b3b707becfed1c66.jpg,248,155,horse,80,8,248,149
494_jpg.rf.7418e4354b6f74f8b3b707becfed1c66.jpg,248,155,horse,44,15,201,155
161_jpg.rf.7464086e813f108700e024df9df5cd6f.jpg,310,160,skunk,17,0,208,159
985_jpg.rf.74af1ceb2fe3417a06fa9d90b0dcb963.jpg,179,160,goat,0,53,134,158
985_jpg.rf.74af1ceb2fe3417a06fa9d90b0dcb963.jpg,179,160,person,0,0,136,160
100_jpg.rf.74b204ede0834a099f56a41742941027.jpg,282,178,fox,4,30,272,178
219_jpg.rf.762979fd89bc016a10f1eb1a2b421155.jpg,246,177,racoon,107,60,173,130
307_jpg.rf.766e110c22d30a21238d31acc9008680.jpg,146,176,cow,7,16,145,171
210_jpg.rf.76af64785f1654ccabb5c002806cdea0.jpg,284,167,racoon,53,6,265,159
294_jpg.rf.770d47e2aa097a6bb90463078777346e.jpg,229,177,racoon,31,1,179,177
138_jpg.rf.77f1a4f81c802a4a1a30213c56d7b3dc.jpg,219,166,skunk,72,1,153,158
539_jpg.rf.7811e51cc27394ea9b84fa024d97167a.jpg,219,144,cat,87,57,202,122
554_jpg.rf.78f0f73220183d307da9d6f678038660.jpg,314,164,cat,23,8,250,163
21_jpg.rf.7949b63149343112aec04c87e290a043.jpg,268,168,fox,0,27,237,155
599_jpg.rf.798216e500e07ea59f04142d2b77af38.jpg,228,158,cat,35,1,184,158
361_jpg.rf.79cfbb33c1978c7ae9d9e1d4412ee676.jpg,253,167,cow,18,25,164,166
743_jpg.rf.7b045a94de980939c4eea86bdb31028a.jpg,252,149,chicken,0,101,26,126
743_jpg.rf.7b045a94de980939c4eea86bdb31028a.jpg,252,149,chicken,8,102,39,133
743_jpg.rf.7b045a94de980939c4eea86bdb31028a.jpg,252,149,chicken,40,103,72,146
743_jpg.rf.7b045a94de980939c4eea86bdb31028a.jpg,252,149,chicken,92,112,119,149
743_jpg.rf.7b045a94de980939c4eea86bdb31028a.jpg,252,149,chicken,116,116,154,147
743_jpg.rf.7b045a94de980939c4eea86bdb31028a.jpg,252,149,chicken,85,31,117,78
743_jpg.rf.7b045a94de980939c4eea86bdb31028a.jpg,252,149,person,83,0,144,145
962_jpg.rf.7b7a7dc6d6082858ddae17af76ce7eca.jpg,237,152,dog,95,31,220,147
562_jpg.rf.7c4f1963f18fe2d4874335caf84c3797.jpg,237,176,cat,106,6,237,176
335_jpg.rf.7c56cb2dcc4607cc24a87bfe173aeb57.jpg,223,178,cow,0,3,221,178
302_jpg.rf.7d11bc3ff3bcbabb407416cf2161d223.jpg,202,177,cow,47,28,201,172
302_jpg.rf.7d11bc3ff3bcbabb407416cf2161d223.jpg,202,177,cow,5,35,43,63
824_jpg.rf.7cf6673d9e9d486b9160d13f145407e2.jpg,213,136,goat,0,12,190,136
485_jpg.rf.7d3e1a8cbcdb5812bda461aa7902d577.jpg,141,176,horse,20,15,113,159
755_jpg.rf.7d62dcee6284a2e8d6cb32a5290155bd.jpg,152,155,chicken,77,25,152,155
467_jpg.rf.7d9f70fe994c0fabe71e13cddc2b0b20.jpg,189,180,person,86,44,131,171
467_jpg.rf.7d9f70fe994c0fabe71e13cddc2b0b20.jpg,189,180,horse,32,25,171,169
662_jpg.rf.7de00a66af97a4286f66de22c00cd85f.jpg,128,158,dog,4,2,128,158
829_jpg.rf.7e14ba1fbeda0afafc785df94e653259.jpg,210,159,goat,30,10,183,159
212_jpg.rf.7e3fa5720fbb50e0654d549983396571.jpg,262,178,racoon,48,20,262,171
908_jpg.rf.7e653cf62553cdb52c11aee67507ab32.jpg,169,161,person,83,18,122,147
825_jpg.rf.7f24ee6a94b821130af33f3a963665fe.jpg,316,114,goat,70,12,279,114
318_jpg.rf.7f4b7c3b34bd339e3a58951b85458a68.jpg,289,154,cow,49,102,137,152
318_jpg.rf.7f4b7c3b34bd339e3a58951b85458a68.jpg,289,154,cow,49,0,259,141
841_jpg.rf.7f7f5898468fcbd810ad21d6beaaf319.jpg,206,161,goat,146,46,199,161
841_jpg.rf.7f7f5898468fcbd810ad21d6beaaf319.jpg,206,161,goat,28,1,79,51
841_jpg.rf.7f7f5898468fcbd810ad21d6beaaf319.jpg,206,161,goat,0,37,103,117
841_jpg.rf.7f7f5898468fcbd810ad21d6beaaf319.jpg,206,161,goat,29,42,118,146
172_jpg.rf.7f85edb879cbd376f1dcb634264763bc.jpg,250,177,skunk,25,36,207,177
254_jpg.rf.7f94dfbc535f3284eecb8f5119bb42d5.jpg,247,178,racoon,12,1,243,177
952_jpg.rf.804d56926dbd802209417804966dbd9a.jpg,145,160,person,26,43,131,160
692_jpg.rf.805cc115bfc4dfa44f14f9efc36079bd.jpg,233,148,dog,15,36,222,148
14_jpg.rf.80709ce83fbc374b7e75109d794a5a92.jpg,223,180,fox,47,31,223,180
85_jpg.rf.805febb7476ac615ba17dd2663bbe130.jpg,210,178,fox,28,38,149,170
380_jpg.rf.8070f8e64025aaf9d7878862436d6918.jpg,222,173,cow,182,27,200,39
380_jpg.rf.8070f8e64025aaf9d7878862436d6918.jpg,222,173,cow,29,26,130,134
380_jpg.rf.8070f8e64025aaf9d7878862436d6918.jpg,222,173,person,106,31,183,158
980_jpg.rf.809bc2e7ae23add3c8bb51d3344f2e8a.jpg,223,156,cat,64,77,85,128
980_jpg.rf.809bc2e7ae23add3c8bb51d3344f2e8a.jpg,223,156,person,142,33,174,96
54_jpg.rf.80e3780dcebddaf435c7a44b50e899d3.jpg,226,180,fox,20,41,189,149
886_jpg.rf.80c9b15cbd908592da1d9e5cbc43d6e4.jpg,229,147,goat,55,72,148,139
886_jpg.rf.80c9b15cbd908592da1d9e5cbc43d6e4.jpg,229,147,goat,112,19,134,41
886_jpg.rf.80c9b15cbd908592da1d9e5cbc43d6e4.jpg,229,147,goat,119,2,167,64
886_jpg.rf.80c9b15cbd908592da1d9e5cbc43d6e4.jpg,229,147,goat,148,30,193,85
433_jpg.rf.8103173980946524ade262e35f82dbcf.jpg,248,174,horse,66,5,200,150
663_jpg.rf.81639a721e7bd2d06b997ea0628f7f78.jpg,240,154,dog,31,6,154,151
34_jpg.rf.829644d0867413a5f93b1eabba850d8b.jpg,263,178,fox,106,87,195,169
34_jpg.rf.829644d0867413a5f93b1eabba850d8b.jpg,263,178,fox,72,32,155,108
348_jpg.rf.828218f28936da56ed361eba95f93eb2.jpg,297,164,cow,221,11,296,95
348_jpg.rf.828218f28936da56ed361eba95f93eb2.jpg,297,164,cow,53,13,200,164
392_jpg.rf.8237250184fb4b4c7d829782b1e70430.jpg,244,174,cow,69,40,235,171
392_jpg.rf.8237250184fb4b4c7d829782b1e70430.jpg,244,174,cow,8,36,149,147
517_jpg.rf.833113a12236ac4e841cb8ec80c474c7.jpg,222,177,cat,143,4,222,165
899_jpg.rf.833ecc78f1028a2a26c1f9df2e15e441.jpg,127,160,goat,41,65,98,132
753_jpg.rf.836a6655402fc954256ef46eb46ad841.jpg,186,156,chicken,4,4,186,155
152_jpg.rf.83d32bb9057d53e6074159b00a974965.jpg,277,178,skunk,21,44,248,142
17_jpg.rf.8539ff979c50b05390467948bc096bde.jpg,197,179,fox,0,3,140,174
568_jpg.rf.8614597b5b00d9ca94ec5e1f9f9d5731.jpg,200,163,cat,58,27,193,146
496_jpg.rf.86841ba9c93c9791034db4ea998b5646.jpg,138,173,horse,1,0,138,173
921_jpg.rf.86c6ef4c92d27f18d40de75718a54e8e.jpg,247,150,person,93,2,132,127
921_jpg.rf.86c6ef4c92d27f18d40de75718a54e8e.jpg,247,150,person,116,55,147,126
660_jpg.rf.86cb13a787ec6c7708159bd504a20750.jpg,255,152,dog,93,17,200,142
957_jpg.rf.86f92e1875e7fc781c93c6f36032d996.jpg,210,158,dog,34,94,69,129
957_jpg.rf.86f92e1875e7fc781c93c6f36032d996.jpg,210,158,person,70,25,130,140
642_jpg.rf.8755dbf85c7d0129795a76030c04306a.jpg,233,153,dog,2,9,232,144
139_jpg.rf.87870995488cbf800d3b5d1ca648a1f0.jpg,164,149,skunk,6,24,164,149
947_jpg.rf.86eee805c447c202ab82a9d7e76ff9ba.jpg,171,103,person,82,15,109,68
947_jpg.rf.86eee805c447c202ab82a9d7e76ff9ba.jpg,171,103,person,30,23,71,88
947_jpg.rf.86eee805c447c202ab82a9d7e76ff9ba.jpg,171,103,person,17,37,87,86
953_jpg.rf.87e2fdd4bd8ad08548d3cd5d15e32576.jpg,174,155,dog,0,54,90,154
953_jpg.rf.87e2fdd4bd8ad08548d3cd5d15e32576.jpg,174,155,person,66,27,174,155
944_jpg.rf.87f859cd401e6bcc329f1e4e410cb311.jpg,234,151,person,176,12,226,125
944_jpg.rf.87f859cd401e6bcc329f1e4e410cb311.jpg,234,151,person,1,50,30,110
944_jpg.rf.87f859cd401e6bcc329f1e4e410cb311.jpg,234,151,person,214,51,233,112
944_jpg.rf.87f859cd401e6bcc329f1e4e410cb311.jpg,234,151,person,58,62,87,107
944_jpg.rf.87f859cd401e6bcc329f1e4e410cb311.jpg,234,151,person,128,70,144,107
944_jpg.rf.87f859cd401e6bcc329f1e4e410cb311.jpg,234,151,person,163,69,180,109
10_jpg.rf.880b1bdec1500169ae9be5c3c1d11137.jpg,260,186,fox,68,6,198,168
150_jpg.rf.886cf67a91f0277a890929548dcbe780.jpg,200,155,skunk,8,0,197,149
758_jpg.rf.889becb2f4d8e6afbe8f16ad32fd9b0c.jpg,239,150,chicken,64,53,150,150
758_jpg.rf.889becb2f4d8e6afbe8f16ad32fd9b0c.jpg,239,150,chicken,118,3,239,150
440_jpg.rf.893c3e1c485f2c6d527f177373db30a1.jpg,240,172,horse,47,27,160,169
115_jpg.rf.89702d5262304a89d9a7e96cda78feb6.jpg,212,163,skunk,41,32,201,124
890_jpg.rf.8a915e7d85a7dace857641da53f99516.jpg,258,139,goat,58,16,246,137
771_jpg.rf.8a99c01cf1c0abf5b07bd4959efc6723.jpg,278,130,chicken,188,26,260,95
771_jpg.rf.8a99c01cf1c0abf5b07bd4959efc6723.jpg,278,130,chicken,93,32,172,92
771_jpg.rf.8a99c01cf1c0abf5b07bd4959efc6723.jpg,278,130,chicken,172,27,223,106
974_jpg.rf.8b45fe45940b6cec8dae4bdfbe2ec573.jpg,218,152,person,37,1,156,152
974_jpg.rf.8b45fe45940b6cec8dae4bdfbe2ec573.jpg,218,152,cat,113,39,175,146
815_jpg.rf.8c74df131691c5671b8cc2bc0c762ff7.jpg,158,158,goat,23,23,153,146
587_jpg.rf.8b49a3d6ee8d1548952eac1ffc3b1452.jpg,246,162,cat,67,18,193,139
909_jpg.rf.8d17618db918b44d4b59a391bc24dca7.jpg,229,146,person,171,62,211,143
909_jpg.rf.8d17618db918b44d4b59a391bc24dca7.jpg,229,146,person,129,18,176,143
658_jpg.rf.8dd8c9aa802b51ab48cb938e953378b1.jpg,157,161,dog,16,2,112,161
181_jpg.rf.8e3062331cd96a42b96d57fde0254834.jpg,292,155,skunk,0,6,256,155
846_jpg.rf.8e813d76ee74da3e3c8f0193918b078e.jpg,186,158,goat,26,4,159,141
4_jpg.rf.8ea59f63f093c5f535ff4449da7ddc98.jpg,232,184,fox,72,46,216,148
616_jpg.rf.8ebe788dc92acd8ab45d510814aeb743.jpg,287,134,dog,99,15,263,131
671_jpg.rf.8eec36bd31293234fdd17822b071007c.jpg,133,160,dog,0,25,62,105
671_jpg.rf.8eec36bd31293234fdd17822b071007c.jpg,133,160,person,1,4,121,160
671_jpg.rf.8eec36bd31293234fdd17822b071007c.jpg,133,160,dog,59,23,133,157
898_jpg.rf.8f2d0bb893a7597dd348c6a96d2a00c8.jpg,233,156,goat,17,3,233,146
271_jpg.rf.ec6c3690db9acd1f7ace2463b9e04a9b.jpg,288,169,racoon,89,10,279,131
822_jpg.rf.ec7f61eacf9445e957a14e9f5e1550fa.jpg,177,161,goat,25,0,143,161
116_jpg.rf.ecab747632ab42a57cccfeb06d6bbebc.jpg,308,154,skunk,19,0,265,151
250_jpg.rf.ed2f2346af9c14ab4cdbc4a4c0642cd8.jpg,143,154,racoon,51,54,121,153
999_jpg.rf.ed68108e306515bef4dae44c29394721.jpg,239,156,person,127,5,163,108
999_jpg.rf.ed68108e306515bef4dae44c29394721.jpg,239,156,horse,69,32,238,135
359_jpg.rf.ed95a9f40bb995085074df35cf31334f.jpg,265,171,cow,148,64,250,142
359_jpg.rf.ed95a9f40bb995085074df35cf31334f.jpg,265,171,person,84,25,153,140
359_jpg.rf.ed95a9f40bb995085074df35cf31334f.jpg,265,171,cow,27,56,126,142
734_jpg.rf.ee3421a54c568138c18980cd4c1b3a64.jpg,148,105,chicken,64,3,115,56
734_jpg.rf.ee3421a54c568138c18980cd4c1b3a64.jpg,148,105,chicken,16,22,66,79
734_jpg.rf.ee3421a54c568138c18980cd4c1b3a64.jpg,148,105,chicken,68,21,119,90
98_jpg.rf.ef1cbb0a984fe1be55fa2298680da603.jpg,222,180,fox,1,14,202,151
971_jpg.rf.ef265fe5211f1bf5c9518814fb24e59b.jpg,209,160,dog,7,61,182,155
971_jpg.rf.ef265fe5211f1bf5c9518814fb24e59b.jpg,209,160,person,0,4,209,157
141_jpg.rf.ef3b975f08470dab067ee2b9fa48d5e4.jpg,210,177,skunk,13,24,203,136
640_jpg.rf.ef7c517c08ddc17b9536439d66baa8e7.jpg,139,162,dog,0,20,137,142
612_jpg.rf.ef7f40e6d6c019bb68f9c4db79db9dc0.jpg,252,149,dog,13,0,169,149
341_jpg.rf.f04664a959cea735f257712c4d6aae69.jpg,255,174,cow,2,30,129,174
341_jpg.rf.f04664a959cea735f257712c4d6aae69.jpg,255,174,cow,82,33,202,174
341_jpg.rf.f04664a959cea735f257712c4d6aae69.jpg,255,174,cow,199,56,255,153
341_jpg.rf.f04664a959cea735f257712c4d6aae69.jpg,255,174,cow,130,60,253,173
655_jpg.rf.f1134bf42fa25e1b3762a037acdb36de.jpg,263,151,dog,91,10,177,151
401_jpg.rf.f15e99c848f09c6c11597f6fc0fb9de2.jpg,238,172,horse,12,5,221,167
851_jpg.rf.f182b9197c9dfa6155b07176949e763a.jpg,234,144,goat,57,1,234,144
511_jpg.rf.f0cab51d61012391fdf479165576ce4c.jpg,248,175,cat,0,11,227,164
882_jpg.rf.f218b8f7667cf3e4c05088488852688a.jpg,268,148,goat,69,27,197,142
319_jpg.rf.f269f0e80573997b2603e3cf2e9b3422.jpg,229,176,cow,52,65,171,150
319_jpg.rf.f269f0e80573997b2603e3cf2e9b3422.jpg,229,176,cow,1,71,17,83
319_jpg.rf.f269f0e80573997b2603e3cf2e9b3422.jpg,229,176,cow,20,71,42,85
319_jpg.rf.f269f0e80573997b2603e3cf2e9b3422.jpg,229,176,cow,192,74,202,83
319_jpg.rf.f269f0e80573997b2603e3cf2e9b3422.jpg,229,176,cow,163,73,185,97
319_jpg.rf.f269f0e80573997b2603e3cf2e9b3422.jpg,229,176,cow,190,73,229,102
319_jpg.rf.f269f0e80573997b2603e3cf2e9b3422.jpg,229,176,cow,20,74,64,103
837_jpg.rf.f2ad2bd21cde662df03572a27cb6a0b4.jpg,112,158,goat,37,58,92,118
876_jpg.rf.f416c6ce327f04cb8ec71e715eb74cf8.jpg,281,139,goat,0,31,128,115
876_jpg.rf.f416c6ce327f04cb8ec71e715eb74cf8.jpg,281,139,goat,121,54,281,121
279_jpg.rf.f3679ab2890c702d7692e279a886ddd3.jpg,286,173,racoon,183,17,286,129
279_jpg.rf.f3679ab2890c702d7692e279a886ddd3.jpg,286,173,racoon,0,6,128,141
279_jpg.rf.f3679ab2890c702d7692e279a886ddd3.jpg,286,173,racoon,102,33,209,133
279_jpg.rf.f3679ab2890c702d7692e279a886ddd3.jpg,286,173,racoon,164,60,259,131
404_jpg.rf.f2374640d39357e1fc754a35ba9e71b1.jpg,213,177,horse,38,5,195,176
777_jpg.rf.f1aa7bb8fd4e84a56dd3db79c4730e14.jpg,211,162,chicken,19,15,97,144
777_jpg.rf.f1aa7bb8fd4e84a56dd3db79c4730e14.jpg,211,162,chicken,58,22,205,162
867_jpg.rf.f4592e28067b5b16f9461041439024f5.jpg,151,159,goat,73,7,132,127
867_jpg.rf.f4592e28067b5b16f9461041439024f5.jpg,151,159,goat,32,11,103,141
42_jpg.rf.f4a45d60e8d0c22fe2cabc25e0459344.jpg,359,131,fox,108,0,358,130
888_jpg.rf.f4b63db419d96b73e53ba522762859b3.jpg,274,137,goat,50,0,258,136
643_jpg.rf.f4e3401a439aab4716aeca9cd8bf1d60.jpg,276,144,dog,84,1,195,138
542_jpg.rf.f7f45ce4ee03716aef41521fafa4aa3d.jpg,192,149,cat,14,31,142,149
199_jpg.rf.f847d57ffd6ca9137a0abbcdb6b97484.jpg,222,175,skunk,38,99,220,155
364_jpg.rf.f8eb5d6d7bbbe4258d3838af7be2029b.jpg,270,171,cow,23,1,193,171
364_jpg.rf.f8eb5d6d7bbbe4258d3838af7be2029b.jpg,270,171,cow,109,49,191,140
364_jpg.rf.f8eb5d6d7bbbe4258d3838af7be2029b.jpg,270,171,cow,191,35,270,158
293_jpg.rf.f92cd11df432c8d158bf38602f9ee2b6.jpg,266,176,racoon,1,3,217,151
535_jpg.rf.f4b78419b703f3f8ee9d5d031cf393f8.jpg,271,174,cat,133,25,244,174
552_jpg.rf.f94eb7a1db45b1408a23afef3a9f2180.jpg,234,175,cat,78,0,233,175
593_jpg.rf.f9c29a9e6adf6990d96924c98c542175.jpg,211,160,cat,70,39,141,137
682_jpg.rf.fa0874f144baa0175a2ecedb8f895a2c.jpg,148,159,dog,0,1,148,159
716_jpg.rf.fa1b5669c2b9436e82c11c87d0a40320.jpg,239,159,chicken,24,34,62,112
716_jpg.rf.fa1b5669c2b9436e82c11c87d0a40320.jpg,239,159,chicken,114,20,176,157
716_jpg.rf.fa1b5669c2b9436e82c11c87d0a40320.jpg,239,159,chicken,51,42,103,147
274_jpg.rf.fa8196e59e3142504eca3931afd00744.jpg,265,164,racoon,135,7,204,163
426_jpg.rf.fa93e1e0951617e7513cf57d5bf66e2f.jpg,171,176,horse,20,17,171,170
967_jpg.rf.fb421140ad5773f61ca9133e6bf709d5.jpg,251,145,dog,35,87,118,132
967_jpg.rf.fb421140ad5773f61ca9133e6bf709d5.jpg,251,145,person,191,9,216,101
967_jpg.rf.fb421140ad5773f61ca9133e6bf709d5.jpg,251,145,person,101,24,130,89
967_jpg.rf.fb421140ad5773f61ca9133e6bf709d5.jpg,251,145,person,36,13,73,110
967_jpg.rf.fb421140ad5773f61ca9133e6bf709d5.jpg,251,145,dog,63,64,121,103
967_jpg.rf.fb421140ad5773f61ca9133e6bf709d5.jpg,251,145,dog,4,70,47,107
967_jpg.rf.fb421140ad5773f61ca9133e6bf709d5.jpg,251,145,dog,215,69,249,112
967_jpg.rf.fb421140ad5773f61ca9133e6bf709d5.jpg,251,145,dog,109,54,198,131
529_jpg.rf.fd3c0ad40deff90b7fe8f5124125f0ff.jpg,234,176,cat,69,9,234,176
762_jpg.rf.fd89c3ed40a34bdb609febf886430ff1.jpg,267,146,chicken,171,43,241,103
762_jpg.rf.fd89c3ed40a34bdb609febf886430ff1.jpg,267,146,chicken,35,62,77,91
762_jpg.rf.fd89c3ed40a34bdb609febf886430ff1.jpg,267,146,chicken,89,38,165,122
684_jpg.rf.fd807852654000580ad48ae3e236ec47.jpg,153,155,dog,13,0,137,155
998_jpg.rf.fe28cbe1cc573a1749c58e772fe77eb4.jpg,262,141,person,189,3,239,92
998_jpg.rf.fe28cbe1cc573a1749c58e772fe77eb4.jpg,262,141,person,113,15,155,92
998_jpg.rf.fe28cbe1cc573a1749c58e772fe77eb4.jpg,262,141,person,56,34,92,96
998_jpg.rf.fe28cbe1cc573a1749c58e772fe77eb4.jpg,262,141,person,33,40,59,99
998_jpg.rf.fe28cbe1cc573a1749c58e772fe77eb4.jpg,262,141,horse,161,30,237,138
998_jpg.rf.fe28cbe1cc573a1749c58e772fe77eb4.jpg,262,141,horse,105,41,158,131
998_jpg.rf.fe28cbe1cc573a1749c58e772fe77eb4.jpg,262,141,horse,29,55,65,121
998_jpg.rf.fe28cbe1cc573a1749c58e772fe77eb4.jpg,262,141,horse,54,60,92,123
534_jpg.rf.fd93c0cbdb1460659978ddcece44a244.jpg,271,179,cat,66,80,149,169
76_jpg.rf.fe71aa157a839293356fe6130354ab60.jpg,146,180,fox,3,2,135,180
530_jpg.rf.fe8d78b7596b68fb8b4771006e37ab74.jpg,251,172,cat,119,57,207,166
226_jpg.rf.fe952b4330a61a3ded689bf303d79fe2.jpg,274,178,racoon,61,45,177,136
257_jpg.rf.fea007848307527def0b346ac1f68b4d.jpg,256,169,racoon,36,21,255,129
167_jpg.rf.fff1ba8e62b3e3218259cccb3310a23e.jpg,239,178,skunk,19,51,192,136